2;VENCIMENTO: 01/01/26 A 05/08/26
3;EMPRESA;NUMLANCTO;PARCELA;EVENTO;DESCR EVENTO;HISTORICO DA DESPESA;CNPJ FORNECEDOR;NOME FORNECEDOR;CHAVE PIX FORNECEDOR;MUNICIPIO FORNECEDOR;UF FORNECEDOR;BCO/AGENCIA/CONTA FORNECEDOR;CNPJ FAVORECIDO;NOME FAVORECIDO;ESPECIALIDADE;RNTRC;CTA CTB DEB;CTA CTB CRED;NFISCAL;CHAVE NFISCAL;VALOR TOTAL PRODUTOS;VLR NOTA;VLR PARCELA;JUROS;DESCONTOS;VLR FINAL;INCLUSAO;LOGIN;VENCIMEN;EMISSAO;DATA PGTO;APROVACAO;CONTABIL;UNI;SIT DES;ARQ REMESSA;ARQ;CRED PIS/COFINS;COD BAR BLOQUETO;CFOP;GRUPO EVENTO;MES COMPETENCIA;
4;EMPRESA;NUMLANCTO;PARCELA;BAN;AGEN;CTACORRENT;FORMALIQUID;VALOR; ;DATA BOMPARA;DATA EXTRATO;SITUACAO CONCILIACAO;USU LIQUID;
5;1;    51;09;5806;SISTEMA;MENSALIDADE SSW;01446320000132 ;SSW SISTEMAS LTDA; ;CURITIBA;PR; ;               ;           ;MANUTENCAO DE SISTEMA         ;;;;   169842; ;          0,00;     13.662,00;      1.518,00;          5,05;          0,00;      1.523,05;19/05/2025;wramos  ;15/01/2026;01/05/2025;15/01/2026;          ;01/05/2025;MTZ;LIQU;;;;000 ;0000;4 DESPESAS ADM;01/26
6;1;    51;09;748;  710;     88761;TRANSFERENCIA;  1.523,05;;20/01/2026;20/01/2026;CONCILIADO;wramos  
5;1;    83;08;5306;TELEFONIA E COMUNICACAO DE DADOS;PAGAMENTO CONTA DE CELULAR;00031681541807 ;CARLA FERNANDA SANFINS; ;SAO PAULO;SP; ;               ;           ;COMERCIAL                     ;;5.03.01.01.0015;2.01.01.10.0020;     8548; ;        850,00;        850,00;         85,00;          0,00;          0,00;         85,00;17/06/2025;wramos  ;10/01/2026;01/06/2025;12/01/2026;          ;01/06/2025;MTZ;LIQU;;;;000 ;1304;4 DESPESAS ADM;01/26
6;1;    83;08;748;  710;     88761;TRANSFERENCIA;     85,00;;12/01/2026;12/01/2026;CONCILIADO;wramos  
5;1;    83;09;5306;TELEFONIA E COMUNICACAO DE DADOS;PAGAMENTO CONTA DE CELULAR;00031681541807 ;CARLA FERNANDA SANFINS; ;SAO PAULO;SP; ;               ;           ;COMERCIAL                     ;;5.03.01.01.0015;2.01.01.10.0020;     8548; ;        850,00;        850,00;         85,00;          0,00;          0,00;         85,00;17/06/2025;wramos  ;10/02/2026;01/06/2025;10/02/2026;          ;01/06/2025;MTZ;LIQU;;;;000 ;1304;4 DESPESAS ADM;02/26
6;1;    83;09;748;  710;     88761;TRANSFERENCIA;     85,00;;10/02/2026;10/02/2026;CONCILIADO;wramos  
5;1;   274;01;5210;ACERTO CONTA FORNECEDOR;FATURA E4LOG 320526;27773153000128 ;E4LOG SOLUCOES LOGISTICAS LTDA; ;ITATIBA;SP;BANCO ITAU S.A. 341 / 7446- / 22350-0;               ;           ;TRANSPORTADORA                ;;2.01.01.30.0020;2.01.01.10.0017;   320526; ;     72.871,65;     72.871,65;     72.871,65;          0,00;          0,00;     72.871,65;08/12/2025;mclara  ;01/01/2026;29/11/2025;02/01/2026;          ;29/11/2025;MTZ;LIQU;;;;000 ;1949;4 DESPESAS ADM;12/25
6;1;   274;01;748;  710;     88761;TRANSFERENCIA; 72.871,65;;06/01/2026;06/01/2026;CONCILIADO;wramos  
5;1;   275;01;5210;ACERTO CONTA FORNECEDOR;FATURA E4LOG 1  QUINZENA DEZEMBRO;27773153000128 ;E4LOG SOLUCOES LOGISTICAS LTDA; ;ITATIBA;SP;BANCO ITAU S.A. 341 / 7446- / 22350-0;               ;           ;TRANSPORTADORA                ;;2.01.01.30.0020;2.01.01.10.0017;   320593; ;     78.059,18;     78.059,18;     78.059,18;          0,00;          0,00;     78.059,18;18/12/2025;mclara  ;16/01/2026;15/12/2025;16/01/2026;          ;15/12/2025;MTZ;LIQU;;;;000 ;1949;4 DESPESAS ADM;12/25
6;1;   275;01;748;  710;     88761;TRANSFERENCIA; 78.059,18;;16/01/2026;16/01/2026;CONCILIADO;wramos  
5;1;   295;01;5502;SEGURO DE CARGAS;SEGURO DE CARGA ADIANTAMENTO;61383493000180 ;SOMPO SEGUROS S.A.; ;SAO PAULO;SP; ;               ;           ;SEGUROS NAO-VIDA              ;;5.06.01.01.0010;2.01.01.10.0020;   125000; ;      1.073,80;      1.073,80;      1.073,80;          0,00;          0,00;      1.073,80;24/12/2025;wramos  ;05/01/2026;10/12/2025;15/12/2025;          ;10/12/2025;MTZ;LIQU;;;;000 ;1949;5 DESPESAS OPERACIONAL;12/25
6;1;   295;01;748;  710;     88761;TRANSFERENCIA;  1.073,80;;24/12/2025;15/12/2025;CONCILIADO;wramos  
5;1;   299;01;5502;SEGURO DE CARGAS;PAGAMENTO SEGURO DE CARGA ANTECIPADO;61383493000180 ;SOMPO SEGUROS S.A.; ;SAO PAULO;SP; ;               ;           ;SEGUROS NAO-VIDA              ;;5.06.01.01.0010;2.01.01.10.0020;      251; ;      1.073,80;      1.073,80;      1.073,80;          0,00;          0,00;      1.073,80;24/12/2025;wramos  ;05/01/2026;10/12/2025;15/12/2025;          ;10/12/2025;MTZ;LIQU;;;;000 ;1949;5 DESPESAS OPERACIONAL;12/25
6;1;   299;01;748;  710;     88761;TRANSFERENCIA;  1.073,80;;24/12/2025;15/12/2025;CONCILIADO;wramos  
5;1;   307;01;5225;COMISSAO AGENTE;PRESTACAO DE SERVICOS;50677123000130 ;50.677.123 MARIA CLARA GOMES F;50677123000130 ;INDAIATUBA;SP; ;               ;           ;DIGITACAO DE DOCUMENTOS       ;;5.05.02.01.0021;2.01.01.30.0015;       38; ;      4.600,00;      4.600,00;      4.600,00;          0,00;          0,00;      4.600,00;05/01/2026;wramos  ;05/01/2026;01/12/2025;05/01/2026;          ;01/12/2025;MTZ;LIQU;;;;000 ;0000;14 SERVICOS TERCEIROS;12/25
6;1;   307;01;748;  710;     88761;TRANSFERENCIA;  4.600,00;;05/01/2026;05/01/2026;CONCILIADO;wramos  
5;1;   308;01;5210;ACERTO CONTA FORNECEDOR;FATURA FECHAMENTO E4LOG 2  QUINZENA DEZEMBRO;27773153000128 ;E4LOG SOLUCOES LOGISTICAS LTDA; ;ITATIBA;SP;BANCO ITAU S.A. 341 / 7446- / 22350-0;               ;           ;TRANSPORTADORA                ;;2.01.01.30.0020;2.01.01.10.0017;   320623; ;     53.730,07;     53.730,07;     53.730,07;          0,00;          0,00;     53.730,07;05/01/2026;mclara  ;02/02/2026;30/12/2025;02/02/2026;          ;30/12/2025;MTZ;LIQU;;;;000 ;1949;4 DESPESAS ADM;01/26
6;1;   308;01;748;  710;     88761;TRANSFERENCIA; 53.730,07;;03/02/2026;03/02/2026;CONCILIADO;wramos  
5;1;   309;01;5501;INDENIZACAO DE MERCADORIAS;INDENIZACAO AVARIA NFS: 51804, 52836, 52649, 53189, 54552, 54128;01855226000137 ;SOLAR INOVE INDUSTRIAL LTDA; ;TUBARAO;SC; ;               ;           ;FERROS                        ;;5.03.04.01.0020;2.01.01.10.0020;     1637; ;      3.764,22;      3.764,22;      3.764,22;         78,41;          0,00;      3.842,63;08/01/2026;mclara  ;08/01/2026;08/12/2025;08/01/2026;          ;08/12/2025;MTZ;LIQU;;;;00190000090134115155144130556176413190000376422 ;2949;5 DESPESAS OPERACIONAL;01/26
6;1;   309;01;748;  710;     88761;TRANSFERENCIA;  3.842,63;;12/01/2026;08/01/2026;CONCILIADO;wramos  
5;1;   310;01;5202;COMISSAO DE VENDEDORES;PAGAMENTO COMISSAO;09452472000150 ;TATONELLA ADMINISTRACAO EIRELI; ;INDAIATUBA;SP;BANCO DO BRASIL S.A. 1 / 2222-5 / 12345678-9;               ;           ;SERVIC DE OPERACAO E FORNECIME;;5.05.02.01.0010;2.01.01.10.0017;        2;35205092209452472000150000000000000126018919957990 ;      6.303,96;      6.303,96;      6.303,96;          3,00;          0,00;      6.306,96;12/01/2026;wramos  ;10/01/2026;01/01/2026;12/01/2026;          ;01/01/2026;MTZ;LIQU;;;;000 ;1949;4 DESPESAS ADM;12/25
6;1;   310;01;748;  710;     88761;TRANSFERENCIA;  6.306,96;;12/01/2026;12/01/2026;CONCILIADO;wramos  
5;1;   311;01;5501;INDENIZACAO DE MERCADORIAS;INDENIZACAO AVARIA NF 56655;01855226000137 ;SOLAR INOVE INDUSTRIAL LTDA; ;TUBARAO;SC; ;               ;           ;FERROS                        ;;5.03.04.01.0020;2.01.01.10.0020;     1651; ;        524,20;        524,20;        524,20;         12,22;          0,00;        536,42;13/01/2026;mclara  ;06/02/2026;07/01/2026;06/02/2026;          ;07/01/2026;MTZ;LIQU;;;;00190000090134115155144130780172713490000052420 ;2949;5 DESPESAS OPERACIONAL;01/26
6;1;   311;01;748;  710;     88761;TRANSFERENCIA;    536,42;;10/02/2026;10/02/2026;CONCILIADO;wramos  
5;1;   312;01;5210;ACERTO CONTA FORNECEDOR;FATURA E4LOG - 1  QUINZENA DE JANEIRO - VALOR COM DESCONTO AVARIAS RECEBIDAS EM JAN;27773153000128 ;E4LOG SOLUCOES LOGISTICAS LTDA; ;ITATIBA;SP;BANCO ITAU S.A. 341 / 7446- / 22350-0;               ;           ;TRANSPORTADORA                ;;2.01.01.30.0020;2.01.01.10.0017;   320647; ;     41.323,59;     37.035,17;     37.035,17;          0,00;          0,00;     37.035,17;19/01/2026;mclara  ;16/02/2026;14/01/2026;16/02/2026;          ;14/01/2026;MTZ;LIQU;;;;000 ;1949;4 DESPESAS ADM;01/26
6;1;   312;01;748;  710;     88761;TRANSFERENCIA; 37.035,17;;18/02/2026;18/02/2026;CONCILIADO;wramos  
5;1;   313;01;5317;TARIFA BANCARIA;TARIFA DE BOLETO;01181521000155 ;BANCO COOPERATIVO SICREDI SA; ;PORTO ALEGRE;RS; ;               ;           ;BANCO COOPERATIVO             ;;5.09.01.01.0020;2.01.01.10.0020;  5214552; ;          3,00;          3,00;          3,00;          0,00;          0,00;          3,00;20/01/2026;wramos  ;05/01/2026;05/01/2026;05/01/2026;          ;05/01/2026;MTZ;LIQU;;;;000 ;2949;99 OUTROS;01/26
6;1;   313;01;748;  710;     88761;TRANSFERENCIA;      3,00;;20/01/2026;05/01/2026;CONCILIADO;wramos  
5;1;   314;01;5466;PRO-LABORE;PRO LABORE;00032071194845 ;WELLINGTON TEIXEIRA RAMOS; ;APARECIDA;SP; ;               ;           ;REEMBOLSO                     ;;;;     2455; ;      6.000,00;      6.000,00;      6.000,00;          0,00;          0,00;      6.000,00;20/01/2026;wramos  ;06/01/2026;06/01/2026;06/01/2026;          ;06/01/2026;MTZ;LIQU;;;;000 ;0000;4 DESPESAS ADM;12/25
6;1;   314;01;748;  710;     88761;TRANSFERENCIA;  6.000,00;;20/01/2026;06/01/2026;CONCILIADO;wramos  
5;1;   315;01;5466;PRO-LABORE;PRO LABORE;00035987892899 ;BRUNO DA SILVA OLIVEIRA; ;INDAIATUBA;SP; ;               ;           ;COMERCIAL                     ;;;;     2552; ;      6.000,00;      6.000,00;      6.000,00;          0,00;          0,00;      6.000,00;20/01/2026;wramos  ;06/01/2026;06/01/2026;06/01/2026;          ;06/01/2026;MTZ;LIQU;;;;000 ;0000;4 DESPESAS ADM;12/25
6;1;   315;01;748;  710;     88761;TRANSFERENCIA;  6.000,00;;20/01/2026;06/01/2026;CONCILIADO;wramos  
5;1;   316;01;5407;COMBUSTIVEIS E LUBRIFICANTES;ABASTECIMENTO DESPESA BWT PALETES;54409706000130 ;AUTO POSTO ITATIBENSE LTDA; ;ITATIBA;SP; ;               ;           ;COMBUSTIVEIS                  ;;5.02.01.01.0010;2.01.01.10.0017;   254524; ;        252,57;        252,57;        252,57;          0,00;          0,00;        252,57;20/01/2026;wramos  ;07/01/2026;07/01/2026;07/01/2026;          ;07/01/2026;MTZ;LIQU;;;;000 ;1653;5 DESPESAS OPERACIONAL;01/26
6;1;   316;01;748;  710;     88761;TRANSFERENCIA;    252,57;;20/01/2026;07/01/2026;CONCILIADO;wramos  
5;1;   317;01;5803;PUBLICIDADE E PROPAGANDA;FATURA SICREDI SALDO INSTAGRAM;06990590000123 ;GOOGLE BRASIL INTERNET LTDA; ;SAO PAULO;SP; ;               ;           ;PUBLICIDADE                   ;;;;     2152; ;        164,79;        164,79;        164,79;          0,00;          0,00;        164,79;20/01/2026;wramos  ;08/01/2026;08/01/2026;08/01/2026;          ;08/01/2026;MTZ;LIQU;;;;000 ;0000;4 DESPESAS ADM;12/25
6;1;   317;01;748;  710;     88761;TRANSFERENCIA;    164,79;;20/01/2026;08/01/2026;CONCILIADO;wramos  
5;1;   318;01;5317;TARIFA BANCARIA;MANUTENCAO MENSAL;01181521000155 ;BANCO COOPERATIVO SICREDI SA; ;PORTO ALEGRE;RS; ;               ;           ;BANCO COOPERATIVO             ;;5.09.01.01.0020;2.01.01.10.0020;    22555; ;         31,98;         31,98;         31,98;          0,00;          0,00;         31,98;20/01/2026;wramos  ;12/01/2026;12/01/2026;12/01/2026;          ;12/01/2026;MTZ;LIQU;;;;000 ;2949;99 OUTROS;01/26
6;1;   318;01;748;  710;     88761;TRANSFERENCIA;     31,98;;20/01/2026;12/01/2026;CONCILIADO;wramos  
5;1;   319;01;5317;TARIFA BANCARIA;COTAS DE CAPITAL;01181521000155 ;BANCO COOPERATIVO SICREDI SA; ;PORTO ALEGRE;RS; ;               ;           ;BANCO COOPERATIVO             ;;5.09.01.01.0020;2.01.01.10.0020;    25142; ;        100,00;        100,00;        100,00;          0,00;          0,00;        100,00;20/01/2026;wramos  ;15/01/2026;15/01/2026;15/01/2026;          ;15/01/2026;MTZ;CANC;;;;000 ;2949;99 OUTROS;01/26
5;1;   320;01;5210;ACERTO CONTA FORNECEDOR;DESPESAS BRUNO;00035987892899 ;BRUNO DA SILVA OLIVEIRA; ;INDAIATUBA;SP; ;               ;           ;COMERCIAL                     ;;2.01.01.30.0020;2.01.01.10.0017; 52545522; ;        475,00;        375,00;        375,00;          0,00;          0,00;        375,00;20/01/2026;wramos  ;16/01/2026;16/01/2026;16/01/2026;          ;16/01/2026;MTZ;LIQU;;;;000 ;1949;4 DESPESAS ADM;01/26
6;1;   320;01;748;  710;     88761;TRANSFERENCIA;    375,00;;11/02/2026;16/01/2026;CONCILIADO;wramos  
5;1;   321;01;1555;CONTABILIDADE;RENOVACAO DE CERTIFICADO DIGITAL;29747570000121 ;DIGITAL SERVICE CERTIFICACAO D; ;INDAIATUBA;SP; ;               ;           ;CERTIFICADO DIGITAL           ;;;;   524522; ;        189,00;        189,00;        189,00;          0,00;          0,00;        189,00;20/01/2026;wramos  ;16/01/2026;16/01/2026;16/01/2026;          ;16/01/2026;MTZ;LIQU;;;;000 ;0000;4 DESPESAS ADM;01/26
6;1;   321;01;748;  710;     88761;TRANSFERENCIA;    189,00;;20/01/2026;16/01/2026;CONCILIADO;wramos  
5;1;   322;01;5317;TARIFA BANCARIA;TARIFA DE BOLETO;01181521000155 ;BANCO COOPERATIVO SICREDI SA; ;PORTO ALEGRE;RS; ;               ;           ;BANCO COOPERATIVO             ;;5.09.01.01.0020;2.01.01.10.0020;   122551; ;          3,00;          3,00;          3,00;          0,00;          0,00;          3,00;29/01/2026;wramos  ;16/01/2026;16/01/2026;16/01/2026;          ;16/01/2026;MTZ;LIQU;;;;000 ;2949;99 OUTROS;01/26
6;1;   322;01;748;  710;     88761;TRANSFERENCIA;      3,00;;29/01/2026;16/01/2026;CONCILIADO;wramos  
5;1;   323;01;5317;TARIFA BANCARIA;CAPITAL SOCIAL INTEGRADO;01181521000155 ;BANCO COOPERATIVO SICREDI SA; ;PORTO ALEGRE;RS; ;               ;           ;BANCO COOPERATIVO             ;;5.09.01.01.0020;2.01.01.10.0020;    25216; ;        100,00;        100,00;        100,00;          0,00;          0,00;        100,00;29/01/2026;wramos  ;15/01/2026;15/01/2026;15/01/2026;          ;15/01/2026;MTZ;LIQU;;;;000 ;2949;99 OUTROS;01/26
6;1;   323;01;748;  710;     88761;TRANSFERENCIA;    100,00;;29/01/2026;15/01/2026;CONCILIADO;wramos  
5;1;   324;01;1555;CONTABILIDADE;CONTABILIDADE;24824630000149 ;MASTER CONTABIL CATANDUVA LTDA; ;CATANDUVA;SP; ;               ;           ;CONTABILIDADE                 ;;;;   125155; ;        989,00;        989,00;        989,00;          0,00;          0,00;        989,00;29/01/2026;wramos  ;20/01/2026;10/01/2026;19/01/2026;          ;10/01/2026;MTZ;LIQU;;;;000 ;0000;4 DESPESAS ADM;12/25
6;1;   324;01;748;  710;     88761;TRANSFERENCIA;    989,00;;29/01/2026;19/01/2026;CONCILIADO;wramos  
5;1;   325;01;5314;GERENCIAMENTO DE RISCO;MONITORAMENTO;10441761000132 ;MEDEIROS MONITORAMENTO EIRELI; ;SAO JOSE DO RIO PRETO;SP; ;               ;           ;MONITORAMENTO                 ;;5.02.02.01.0037;2.01.01.10.0017;     1251; ;        125,00;        125,00;        125,00;          0,00;          0,00;        125,00;29/01/2026;wramos  ;20/01/2026;10/01/2026;19/01/2026;          ;10/01/2026;MTZ;LIQU;;;;000 ;1949;5 DESPESAS OPERACIONAL;12/25
6;1;   325;01;748;  710;     88761;TRANSFERENCIA;    125,00;;29/01/2026;19/01/2026;CONCILIADO;wramos  
5;1;   326;01;5301;ALUGUEL DO IMOVEL;COWOORKING SJC;17813642000102 ;TILIT ESCRITORIO EMPRESARIAL L; ;SAO JOSE DOS CAMPOS;SP; ;               ;           ;COOWKING                      ;;5.02.02.01.0035;2.01.01.10.0020;    12774; ;        259,00;        259,00;        259,00;          0,00;          0,00;        259,00;29/01/2026;wramos  ;20/01/2026;01/01/2026;20/01/2026;          ;01/01/2026;MTZ;LIQU;;;;000 ;1949;4 DESPESAS ADM;12/25
6;1;   326;01;748;  710;     88761;TRANSFERENCIA;    259,00;;29/01/2026;19/01/2026;CONCILIADO;wramos  
5;1;   327;01;5314;GERENCIAMENTO DE RISCO;GERENCIAMENTO DE RISCO;27162201000141 ;TS CONTROL; ;SAO JOSE DO RIO PRETO;SP; ;               ;           ;SEGURANCA                     ;;5.02.02.01.0037;2.01.01.10.0017;       12; ;         25,48;         25,48;         25,48;          0,00;          0,00;         25,48;29/01/2026;wramos  ;20/01/2026;10/01/2026;20/01/2026;          ;10/01/2026;MTZ;LIQU;;;;000 ;1949;5 DESPESAS OPERACIONAL;12/25
6;1;   327;01;748;  710;     88761;TRANSFERENCIA;     25,48;;29/01/2026;20/01/2026;CONCILIADO;wramos  
5;1;   328;01;5210;ACERTO CONTA FORNECEDOR;DESPESAS BRUNO E COOWRKING ITAJAI;18236120000158 ;NU PAGAMENTOS S.A. - INSTITUIC; ;SANTANA DO LIVRAMENTO;RS; ;               ;           ;BANCO DIGITAL                 ;;2.01.01.30.0020;2.01.01.10.0017;       12; ;        704,23;        704,23;        704,23;          0,00;          0,00;        704,23;29/01/2026;wramos  ;20/01/2026;10/01/2026;20/01/2026;          ;10/01/2026;MTZ;LIQU;;;;000 ;2949;4 DESPESAS ADM;12/25
6;1;   328;01;748;  710;     88761;TRANSFERENCIA;    704,23;;29/01/2026;20/01/2026;CONCILIADO;wramos  
5;1;   329;01;5466;PRO-LABORE;PRO LABORE;00032071194845 ;WELLINGTON TEIXEIRA RAMOS; ;APARECIDA;SP; ;               ;           ;REEMBOLSO                     ;;;;      102; ;      6.000,00;      6.000,00;      6.000,00;          0,00;          0,00;      6.000,00;29/01/2026;wramos  ;20/01/2026;10/01/2026;20/01/2026;          ;10/01/2026;MTZ;LIQU;;;;000 ;0000;4 DESPESAS ADM;12/25
6;1;   329;01;748;  710;     88761;TRANSFERENCIA;  6.000,00;;29/01/2026;20/01/2026;CONCILIADO;wramos  
5;1;   330;01;5466;PRO-LABORE;PRO LABORE BRUNO;00035987892899 ;BRUNO DA SILVA OLIVEIRA; ;INDAIATUBA;SP; ;               ;           ;COMERCIAL                     ;;;;       12; ;      5.247,00;      5.247,00;      5.247,00;          0,00;          0,00;      5.247,00;29/01/2026;wramos  ;20/01/2026;20/01/2026;20/01/2026;          ;20/01/2026;MTZ;LIQU;;;;000 ;0000;4 DESPESAS ADM;12/25
6;1;   330;01;748;  710;     88761;TRANSFERENCIA;  5.247,00;;29/01/2026;20/01/2026;CONCILIADO;wramos  
5;1;   331;01;5210;ACERTO CONTA FORNECEDOR;EMPRESTIMO BWT PALETES;62702150000102 ;BWT COMERCIO DE PALETES LTDA; ;CATANDUVA;SP; ;               ;           ;FABRICACAO DE PALETES         ;;2.01.01.30.0020;2.01.01.10.0017;      125; ;      1.360,00;      1.360,00;      1.360,00;          0,00;          0,00;      1.360,00;29/01/2026;wramos  ;20/01/2026;20/01/2026;20/01/2026;          ;20/01/2026;MTZ;LIQU;;;;000 ;1949;4 DESPESAS ADM;01/26
6;1;   331;01;748;  710;     88761;TRANSFERENCIA;  1.360,00;;29/01/2026;20/01/2026;CONCILIADO;wramos  
5;1;   332;01;5302;MANUTENCAO E CONSERVACAO DO IMOVEL;EMPRESTIMO BWT PALETES PARA COMPRA DE TELA;52138872000114 ;COLUMBIA MATERIAIS PARA CONSTR; ;ITATIBA;SP; ;               ;           ;MATERIAIS                     ;;5.03.01.01.0027;2.01.01.10.0017;    12512; ;        410,00;        410,00;        410,00;          0,00;          0,00;        410,00;29/01/2026;wramos  ;20/01/2026;20/01/2026;20/01/2026;          ;20/01/2026;MTZ;LIQU;;;;000 ;1949;4 DESPESAS ADM;01/26
6;1;   332;01;748;  710;     88761;TRANSFERENCIA;    410,00;;29/01/2026;20/01/2026;CONCILIADO;wramos  
5;1;   333;01;5203;ALIMENTACAO;ALMOCO ITATIBA;60807948000185 ;CHURRASC. LACO OURO DE ATIBAIA; ;ATIBAIA;SP; ;               ;           ;ALIMENTACAO                   ;;5.02.03.01.0065;2.01.01.10.0017;     1255; ;        146,50;        146,50;        146,50;          0,00;          0,00;        146,50;29/01/2026;wramos  ;22/01/2026;22/01/2026;22/01/2026;          ;22/01/2026;MTZ;LIQU;;;;000 ;1949;15 OBRIGACOES TRABALHISTAS;01/26
6;1;   333;01;748;  710;     88761;TRANSFERENCIA;    146,50;;29/01/2026;22/01/2026;CONCILIADO;wramos  
5;1;   334;01;5407;COMBUSTIVEIS E LUBRIFICANTES;ABASTECIMENTO BRUNO;54409706000130 ;AUTO POSTO ITATIBENSE LTDA; ;ITATIBA;SP; ;               ;           ;COMBUSTIVEIS                  ;;5.02.01.01.0010;2.01.01.10.0017;      125; ;        182,86;        182,86;        182,86;          0,00;          0,00;        182,86;29/01/2026;wramos  ;22/01/2026;22/01/2026;22/01/2026;          ;22/01/2026;MTZ;LIQU;;;;000 ;1653;5 DESPESAS OPERACIONAL;01/26
6;1;   334;01;748;  710;     88761;TRANSFERENCIA;    182,86;;29/01/2026;22/01/2026;CONCILIADO;wramos  
5;1;   335;01;5803;PUBLICIDADE E PROPAGANDA;RENOVACAO DE DOMINIO DE SITE;36726535000191 ;GRUPO THX DESENVOLVIMENTO WEB; ;ARUJA;SP; ;               ;           ;DESENVOLVIMENTO WEB           ;;;;       12; ;        395,40;        395,40;        395,40;          0,00;          0,00;        395,40;29/01/2026;wramos  ;23/01/2026;23/01/2026;23/01/2026;          ;23/01/2026;MTZ;LIQU;;;;000 ;0000;4 DESPESAS ADM;12/25
6;1;   335;01;748;  710;     88761;TRANSFERENCIA;    395,40;;29/01/2026;23/01/2026;CONCILIADO;wramos  
5;1;   336;01;5806;SISTEMA;COMPRA DE LICENCA OFFICE 365;10573521000191 ;MERCADOPAGO.COM REPRESENTACOES; ;OSASCO;SP; ;               ;           ;COMERCIO DIVERSOS PRODUTOS    ;;;;       12; ;        225,17;        225,17;        225,17;          0,00;          0,00;        225,17;29/01/2026;wramos  ;26/01/2026;26/01/2026;26/01/2026;          ;26/01/2026;MTZ;LIQU;;;;000 ;0000;4 DESPESAS ADM;01/26
6;1;   336;01;748;  710;     88761;TRANSFERENCIA;    225,17;;29/01/2026;26/01/2026;CONCILIADO;wramos  
5;1;   337;01;5806;SISTEMA;CONSULTA SERASA BRUNO;62173620000180 ;SERASA S.A.; ;SAO CARLOS;SP; ;               ;           ;SERASA                        ;;;;       12; ;         64,99;         64,99;         64,99;          0,00;          0,00;         64,99;29/01/2026;wramos  ;26/01/2026;26/01/2026;26/01/2026;          ;26/01/2026;MTZ;LIQU;;;;000 ;0000;4 DESPESAS ADM;01/26
6;1;   337;01;748;  710;     88761;TRANSFERENCIA;     64,99;;29/01/2026;26/01/2026;CONCILIADO;wramos  
5;1;   338;01;5407;COMBUSTIVEIS E LUBRIFICANTES;ABASTECIMENTO BRUNO;54409706000130 ;AUTO POSTO ITATIBENSE LTDA; ;ITATIBA;SP; ;               ;           ;COMBUSTIVEIS                  ;;5.02.01.01.0010;2.01.01.10.0017;      125; ;        260,38;        260,38;        260,38;          0,00;          0,00;        260,38;29/01/2026;wramos  ;26/01/2026;26/01/2026;26/01/2026;          ;26/01/2026;MTZ;LIQU;;;;000 ;1653;5 DESPESAS OPERACIONAL;01/26
6;1;   338;01;748;  710;     88761;TRANSFERENCIA;    260,38;;29/01/2026;26/01/2026;CONCILIADO;wramos  
5;1;   339;01;5416;INSS;INSS;00394460005887 ;MINISTERIO ECONOMIA RECEITA FE; ;BRASILIA;DF; ;               ;           ;IMPOSTOS                      ;;2.01.01.20.0017;2.01.01.25.0023;  1256242; ;        470,00;        470,00;        470,00;          0,58;          0,00;        470,58;29/01/2026;wramos  ;20/01/2026;10/01/2026;20/01/2026;          ;10/01/2026;MTZ;LIQU;;;;000 ;2949;1 IMPOSTOS;12/25
6;1;   339;01;748;  710;     88761;TRANSFERENCIA;    470,58;;29/01/2026;20/01/2026;CONCILIADO;wramos  
5;1;   340;01;5115;PIS;PIS;00394460005887 ;MINISTERIO ECONOMIA RECEITA FE; ;BRASILIA;DF; ;               ;           ;IMPOSTOS                      ;;2.01.01.25.0041;2.01.01.25.0023;    20122; ;      1.201,95;      1.201,95;      1.201,95;         79,43;          0,00;      1.281,38;29/01/2026;wramos  ;23/01/2026;10/01/2026;12/02/2026;          ;10/01/2026;MTZ;LIQU;;;;000 ;2949;1 IMPOSTOS;12/25
6;1;   340;01;748;  710;     88761;TRANSFERENCIA;  1.281,38;;11/02/2026;11/02/2026;CONCILIADO;wramos  
5;1;   341;01;5256;COFINS;COFINS;00394460005887 ;MINISTERIO ECONOMIA RECEITA FE; ;BRASILIA;DF; ;               ;           ;IMPOSTOS                      ;;2.01.01.25.0042;2.01.01.25.0023;        1; ;      5.547,47;      5.547,47;      5.547,47;          0,00;          0,00;      5.547,47;29/01/2026;wramos  ;23/01/2026;10/01/2026;23/01/2026;          ;10/01/2026;MTZ;LIQU;;;;000 ;2949;1 IMPOSTOS;12/25
6;1;   341;01;748;  710;     88761;TRANSFERENCIA;  5.547,47;;29/01/2026;20/01/2026;CONCILIADO;wramos  
5;1;   342;01;5108;ICMS;ICMS;46377222000390 ;SECRETARIA DA FAZENDA E PLANEJ; ;SAO PAULO;SP; ;               ;           ;ORGAO PUBLICO                 ;;2.01.01.25.0010;2.01.01.25.0023;     2145; ;     20.172,72;     20.172,72;     20.172,72;          0,00;          0,00;     20.172,72;29/01/2026;wramos  ;23/01/2026;10/01/2026;23/01/2026;          ;10/01/2026;MTZ;LIQU;;;;000 ;1949;1 IMPOSTOS;12/25
6;1;   342;01;748;  710;     88761;TRANSFERENCIA; 20.172,72;;29/01/2026;20/01/2026;CONCILIADO;wramos  
5;1;   343;01;5118;IR;IRPJ TRIMESTRAL;00394460005887 ;MINISTERIO ECONOMIA RECEITA FE; ;BRASILIA;DF; ;               ;           ;IMPOSTOS                      ;;2.01.01.25.0015;2.01.01.25.0023;  1265555; ;      8.435,29;      8.435,29;      8.435,29;          0,00;          0,00;      8.435,29;29/01/2026;wramos  ;30/01/2026;10/01/2026;30/01/2026;          ;10/01/2026;MTZ;LIQU;;;;000 ;2949;1 IMPOSTOS;12/25
6;1;   343;01;748;  710;     88761;TRANSFERENCIA;  8.435,29;;29/01/2026;20/01/2026;CONCILIADO;wramos  
5;1;   344;01;5257;CSLL;CLSS TRIMESTRAL;00394460005887 ;MINISTERIO ECONOMIA RECEITA FE; ;BRASILIA;DF; ;               ;           ;IMPOSTOS                      ;;2.01.01.20.0030;2.01.01.25.0023;     1201; ;      7.591,76;      7.591,76;      7.591,76;          0,00;          0,00;      7.591,76;29/01/2026;wramos  ;30/01/2026;10/01/2026;30/01/2026;          ;10/01/2026;MTZ;LIQU;;;;000 ;2949;1 IMPOSTOS;12/25
6;1;   344;01;748;  710;     88761;TRANSFERENCIA;  7.591,76;;29/01/2026;20/01/2026;CONCILIADO;wramos  
5;1;   345;01;5210;ACERTO CONTA FORNECEDOR;FATURA REF A 2  QUINZ DE JANEIRO - E4LOG;27773153000128 ;E4LOG SOLUCOES LOGISTICAS LTDA; ;ITATIBA;SP;BANCO ITAU S.A. 341 / 7446- / 22350-0;               ;           ;TRANSPORTADORA                ;;2.01.01.30.0020;2.01.01.10.0017;   320692; ;     95.997,19;     95.997,19;     95.997,19;          0,00;          0,00;     95.997,19;09/02/2026;mclara  ;02/03/2026;30/01/2026;02/03/2026;          ;30/01/2026;MTZ;LIQU;;;;000 ;1949;4 DESPESAS ADM;02/26
6;1;   345;01;748;  710;     88761;TRANSFERENCIA; 95.997,19;;03/03/2026;03/03/2026;CONCILIADO;wramos  
5;1;   346;01;5210;ACERTO CONTA FORNECEDOR;EMPRESTIMO BWT PALETES;62702150000102 ;BWT COMERCIO DE PALETES LTDA; ;CATANDUVA;SP; ;               ;           ;FABRICACAO DE PALETES         ;;2.01.01.30.0020;2.01.01.10.0017;   121125; ;      1.200,00;      1.200,00;      1.200,00;          0,00;          0,00;      1.200,00;11/02/2026;wramos  ;02/02/2026;02/02/2026;02/02/2026;          ;02/02/2026;MTZ;LIQU;;;;000 ;1949;4 DESPESAS ADM;02/26
6;1;   346;01;748;  710;     88761;TRANSFERENCIA;  1.200,00;;11/02/2026;02/02/2026;CONCILIADO;wramos  
5;1;   347;01;5407;COMBUSTIVEIS E LUBRIFICANTES;ABASTECIMENTO SUPLEMENTOS;04920729000137 ;AUTO POSTO DAMIZADE LIMITADA; ;VALINHOS;SP; ;               ;           ;COMBUSTIVEL                   ;;5.02.01.01.0010;2.01.01.10.0017;        1; ;        200,00;        200,00;        200,00;          0,00;          0,00;        200,00;11/02/2026;wramos  ;03/02/2026;03/02/2026;03/02/2026;          ;03/02/2026;MTZ;LIQU;;;;000 ;1653;5 DESPESAS OPERACIONAL;02/26
6;1;   347;01;748;  710;     88761;TRANSFERENCIA;    200,00;;11/02/2026;03/02/2026;CONCILIADO;wramos  
5;1;   348;01;5317;TARIFA BANCARIA;TARIFA DE BOLETO;01181521000155 ;BANCO COOPERATIVO SICREDI SA; ;PORTO ALEGRE;RS; ;               ;           ;BANCO COOPERATIVO             ;;5.09.01.01.0020;2.01.01.10.0020;    12025; ;          3,00;          3,00;          3,00;          0,00;          0,00;          3,00;11/02/2026;wramos  ;03/02/2026;03/02/2026;03/02/2026;          ;03/02/2026;MTZ;CANC;;;;000 ;2949;99 OUTROS;02/26
5;1;   349;01;5466;PRO-LABORE;PRO LABORE BRUNO;00035987892899 ;BRUNO DA SILVA OLIVEIRA; ;INDAIATUBA;SP; ;               ;           ;COMERCIAL                     ;;;;  5488755; ;      6.000,00;      6.000,00;      6.000,00;          0,00;          0,00;      6.000,00;11/02/2026;wramos  ;05/02/2026;01/02/2026;04/02/2026;          ;01/02/2026;MTZ;LIQU;;;;000 ;0000;4 DESPESAS ADM;01/26
6;1;   349;01;748;  710;     88761;TRANSFERENCIA;  6.000,00;;11/02/2026;04/02/2026;CONCILIADO;wramos  
5;1;   350;01;5225;COMISSAO AGENTE;MARIA CLARA PRESTACAO DE SERVICOS JANEIRO;50677123000130 ;50.677.123 MARIA CLARA GOMES F;50677123000130 ;INDAIATUBA;SP; ;               ;           ;DIGITACAO DE DOCUMENTOS       ;;5.05.02.01.0021;2.01.01.30.0015;  2554155; ;      4.600,00;      4.600,00;      4.600,00;          0,00;          0,00;      4.600,00;11/02/2026;wramos  ;05/02/2026;05/02/2026;05/02/2026;          ;05/02/2026;MTZ;LIQU;;;;000 ;0000;14 SERVICOS TERCEIROS;01/26
6;1;   350;01;748;  710;     88761;TRANSFERENCIA;  4.600,00;;11/02/2026;05/02/2026;CONCILIADO;wramos  
5;1;   351;01;5803;PUBLICIDADE E PROPAGANDA;DEBITO FATURA SERASA E FACEBOOK;01181521000155 ;BANCO COOPERATIVO SICREDI SA; ;PORTO ALEGRE;RS; ;               ;           ;BANCO COOPERATIVO             ;;;;  5245254; ;        114,67;        114,67;        114,67;          0,00;          0,00;        114,67;11/02/2026;wramos  ;09/02/2026;01/02/2026;09/02/2026;          ;01/02/2026;MTZ;LIQU;;;;000 ;0000;4 DESPESAS ADM;01/26
6;1;   351;01;748;  710;     88761;TRANSFERENCIA;    114,67;;11/02/2026;09/02/2026;CONCILIADO;wramos  
5;1;   352;01;5202;COMISSAO DE VENDEDORES;COMISSAO;09452472000150 ;TATONELLA ADMINISTRACAO EIRELI; ;INDAIATUBA;SP;BANCO DO BRASIL S.A. 1 / 2222-5 / 12345678-9;               ;           ;SERVIC DE OPERACAO E FORNECIME;;5.05.02.01.0010;2.01.01.10.0017; 35623265; ;      7.268,79;      7.268,79;      7.268,79;          0,00;          0,00;      7.268,79;11/02/2026;wramos  ;10/02/2026;01/02/2026;09/02/2026;          ;01/02/2026;MTZ;LIQU;;;;000 ;1949;4 DESPESAS ADM;01/26
6;1;   352;01;748;  710;     88761;TRANSFERENCIA;  7.268,79;;11/02/2026;09/02/2026;CONCILIADO;wramos  
5;1;   353;01;5466;PRO-LABORE;PRO LABORE;00032071194845 ;WELLINGTON TEIXEIRA RAMOS; ;APARECIDA;SP; ;               ;           ;REEMBOLSO                     ;;;;       12; ;      6.000,00;      6.000,00;      6.000,00;          0,00;          0,00;      6.000,00;11/02/2026;wramos  ;05/02/2026;01/02/2026;09/02/2026;          ;01/02/2026;MTZ;LIQU;;;;000 ;0000;4 DESPESAS ADM;01/26
6;1;   353;01;748;  710;     88761;TRANSFERENCIA;  6.000,00;;11/02/2026;09/02/2026;CONCILIADO;wramos  
5;1;   354;01;5317;TARIFA BANCARIA;TARIFA MANUTENCAO C/C;01181521000155 ;BANCO COOPERATIVO SICREDI SA; ;PORTO ALEGRE;RS; ;               ;           ;BANCO COOPERATIVO             ;;5.09.01.01.0020;2.01.01.10.0020; 12544555; ;         31,98;         31,98;         31,98;          0,00;          0,00;         31,98;11/02/2026;wramos  ;10/02/2026;05/02/2026;10/02/2026;          ;05/02/2026;MTZ;LIQU;;;;000 ;2949;99 OUTROS;02/26
6;1;   354;01;748;  710;     88761;TRANSFERENCIA;     31,98;;11/02/2026;10/02/2026;CONCILIADO;wramos  
5;1;   355;01;5407;COMBUSTIVEIS E LUBRIFICANTES;ABASTECIMENTO WELLINGTON P/ INDAIATUBA;45838636000145 ;WAY PLUS TECNOLOGIA SA; ;CARAPICUIBA;SP; ;               ;           ;.                             ;;5.02.01.01.0010;2.01.01.10.0017;      255; ;        149,94;        149,94;        149,94;          0,00;          0,00;        149,94;11/02/2026;wramos  ;10/02/2026;10/02/2026;10/02/2026;          ;10/02/2026;MTZ;LIQU;;;;000 ;1653;5 DESPESAS OPERACIONAL;02/26
6;1;   355;01;748;  710;     88761;TRANSFERENCIA;    149,94;;11/02/2026;10/02/2026;CONCILIADO;wramos  
5;1;   356;01;5407;COMBUSTIVEIS E LUBRIFICANTES;ABASTECIMENTO BRUNO PALETES;54409706000130 ;AUTO POSTO ITATIBENSE LTDA; ;ITATIBA;SP; ;               ;           ;COMBUSTIVEIS                  ;;5.02.01.01.0010;2.01.01.10.0017;     1255; ;        244,30;        244,30;        244,30;          0,00;          0,00;        244,30;11/02/2026;wramos  ;10/02/2026;10/02/2026;10/02/2026;          ;10/02/2026;MTZ;CANC;;;;000 ;1653;5 DESPESAS OPERACIONAL;02/26
5;1;   357;01;5501;INDENIZACAO DE MERCADORIAS;AVARIAS JANEIRO -  NFS 58689-57040-58579-59239-60372 - (NTD 1704);01855226000137 ;SOLAR INOVE INDUSTRIAL LTDA; ;TUBARAO;SC; ;               ;           ;FERROS                        ;;5.03.04.01.0020;2.01.01.10.0020;     1704; ;      2.842,95;      2.842,95;      2.842,95;          0,00;          0,00;      2.842,95;12/02/2026;mclara  ;09/03/2026;05/02/2026;09/03/2026;          ;05/02/2026;MTZ;LIQU;;;;00190000090134115155144130995176813800000284295 ;2949;5 DESPESAS OPERACIONAL;02/26
6;1;   357;01;748;  710;     88761;TRANSFERENCIA;  2.842,95;;07/04/2026;09/03/2026;CONCILIADO;wramos  
5;1;   358;01;5466;PRO-LABORE;PRO LABORE BRUNO;00035987892899 ;BRUNO DA SILVA OLIVEIRA; ;INDAIATUBA;SP; ;               ;           ;COMERCIAL                     ;;;;     1225; ;      5.622,00;      5.622,00;      5.622,00;          0,00;          0,00;      5.622,00;18/02/2026;wramos  ;20/02/2026;10/02/2026;20/02/2026;          ;10/02/2026;MTZ;LIQU;;;;000 ;0000;4 DESPESAS ADM;01/26
6;1;   358;01;748;  710;     88761;TRANSFERENCIA;  5.622,00;;18/02/2026;18/02/2026;CONCILIADO;wramos  
5;1;   359;01;5466;PRO-LABORE;PRO LABORE WELLINGTON;00032071194845 ;WELLINGTON TEIXEIRA RAMOS; ;APARECIDA;SP; ;               ;           ;REEMBOLSO                     ;;;;        5; ;      6.000,00;      6.000,00;      6.000,00;          0,00;          0,00;      6.000,00;18/02/2026;wramos  ;20/02/2026;10/02/2026;18/02/2026;          ;10/02/2026;MTZ;LIQU;;;;000 ;0000;4 DESPESAS ADM;01/26
6;1;   359;01;748;  710;     88761;TRANSFERENCIA;  6.000,00;;18/02/2026;18/02/2026;CONCILIADO;wramos  
5;1;   360;01;5210;ACERTO CONTA FORNECEDOR;FATURA COMPRAS MAIS SERASA;18236120000158 ;NU PAGAMENTOS S.A. - INSTITUIC; ;SANTANA DO LIVRAMENTO;RS; ;               ;           ;BANCO DIGITAL                 ;;2.01.01.30.0020;2.01.01.10.0017;     1477; ;        596,69;        596,69;        596,69;          0,00;          0,00;        596,69;18/02/2026;wramos  ;18/02/2026;10/02/2026;18/02/2026;          ;10/02/2026;MTZ;LIQU;;;;000 ;2949;4 DESPESAS ADM;01/26
6;1;   360;01;748;  710;     88761;TRANSFERENCIA;    596,69;;09/03/2026;25/02/2026;CONCILIADO;wramos  
5;1;   361;01;5210;ACERTO CONTA FORNECEDOR;FATURA E4LOG REFERENTE A PRIMEIRA QUINZENA DE FEVEREIRO;27773153000128 ;E4LOG SOLUCOES LOGISTICAS LTDA; ;ITATIBA;SP;BANCO ITAU S.A. 341 / 7446- / 22350-0;               ;           ;TRANSPORTADORA                ;;2.01.01.30.0020;2.01.01.10.0017;   320727; ;     83.983,34;     83.983,34;     83.983,34;          0,00;          0,00;     83.983,34;18/02/2026;mclara  ;16/03/2026;12/02/2026;16/03/2026;          ;12/02/2026;MTZ;LIQU;;;;000 ;1949;4 DESPESAS ADM;02/26
6;1;   361;01;748;  710;     88761;TRANSFERENCIA; 83.983,34;;17/03/2026;17/03/2026;CONCILIADO;wramos  
5;1;   362;01;5501;INDENIZACAO DE MERCADORIAS;BOLETO REFERENTE A AVARIA DA NF 53546;01855226000137 ;SOLAR INOVE INDUSTRIAL LTDA; ;TUBARAO;SC; ;               ;           ;FERROS                        ;;5.03.04.01.0020;2.01.01.10.0020;     1789; ;      1.099,80;      1.099,80;      1.099,80;         72,39;          0,00;      1.172,19;02/03/2026;mclara  ;30/03/2026;26/02/2026;30/03/2026;          ;26/02/2026;MTZ;LIQU;;;;00190000090134115155144131170175114010000109980 ;2949;5 DESPESAS OPERACIONAL;03/26
6;1;   362;01;748;  710;     88761;TRANSFERENCIA;  1.172,19;;02/04/2026;02/04/2026;CONCILIADO;wramos  
5;1;   363;01;5501;INDENIZACAO DE MERCADORIAS;BOLETO REFERENTE A AVARIA DA NF 60109;01855226000137 ;SOLAR INOVE INDUSTRIAL LTDA; ;TUBARAO;SC; ;               ;           ;FERROS                        ;;5.03.04.01.0020;2.01.01.10.0020;     1781; ;        458,20;        458,20;        458,20;         10,30;          0,00;        468,50;02/03/2026;mclara  ;23/03/2026;18/02/2026;23/03/2026;          ;18/02/2026;MTZ;LIQU;;;;00190000090134115155144131134171913940000045820 ;2949;5 DESPESAS OPERACIONAL;03/26
6;1;   363;01;748;  710;     88761;TRANSFERENCIA;    468,50;;26/03/2026;26/03/2026;CONCILIADO;wramos  
5;1;   364;01;5501;INDENIZACAO DE MERCADORIAS;BOLETO REFERENTE AS AVARIAS DAS NFS 54448-61989-62676;01855226000137 ;SOLAR INOVE INDUSTRIAL LTDA; ;TUBARAO;SC; ;               ;           ;FERROS                        ;;5.03.04.01.0020;2.01.01.10.0020;     1788; ;      1.421,86;      1.421,86;      1.421,86;         31,98;          0,00;      1.453,84;02/03/2026;mclara  ;30/03/2026;26/02/2026;30/03/2026;          ;26/02/2026;MTZ;LIQU;;;;00190000090134115155144131169177614010000142186 ;2949;5 DESPESAS OPERACIONAL;03/26
6;1;   364;01;748;  710;     88761;TRANSFERENCIA;  1.453,84;;02/04/2026;02/04/2026;CONCILIADO;wramos  
5;1;   365;01;5210;ACERTO CONTA FORNECEDOR;FATURA E4LOG REFERENTE A SEGUNDA QUINZENA DE FEVEREIRO 2026;27773153000128 ;E4LOG SOLUCOES LOGISTICAS LTDA; ;ITATIBA;SP;BANCO ITAU S.A. 341 / 7446- / 22350-0;               ;           ;TRANSPORTADORA                ;;2.01.01.30.0020;2.01.01.10.0017;   320768; ;     84.087,22;     84.087,22;     84.087,22;          0,00;          0,00;     84.087,22;04/03/2026;mclara  ;02/04/2026;27/02/2026;02/04/2026;          ;27/02/2026;MTZ;LIQU;;;;000 ;1949;4 DESPESAS ADM;03/26
6;1;   365;01;748;  710;     88761;TRANSFERENCIA; 84.087,22;;31/03/2026;31/03/2026;CONCILIADO;wramos  
5;1;   366;01;5317;TARIFA BANCARIA;TARIFA DE BOLETO;01181521000155 ;BANCO COOPERATIVO SICREDI SA; ;PORTO ALEGRE;RS; ;               ;           ;BANCO COOPERATIVO             ;;5.09.01.01.0020;2.01.01.10.0020;        1; ;          3,00;          3,00;          3,00;          0,00;          0,00;          3,00;09/03/2026;wramos  ;03/02/2026;03/02/2026;03/02/2026;          ;03/02/2026;MTZ;LIQU;;;;000 ;2949;99 OUTROS;02/26
6;1;   366;01;748;  710;     88761;TRANSFERENCIA;      3,00;;09/03/2026;03/02/2026;CONCILIADO;wramos  
5;1;   367;01;5502;SEGURO DE CARGAS;SEGURO RTC;61383493000180 ;SOMPO SEGUROS S.A.; ;SAO PAULO;SP; ;               ;           ;SEGUROS NAO-VIDA              ;;5.06.01.01.0010;2.01.01.10.0020;     2125; ;      1.074,69;      1.074,69;      1.074,69;          0,00;          0,00;      1.074,69;09/03/2026;wramos  ;05/02/2026;20/01/2026;05/02/2026;          ;20/01/2026;MTZ;LIQU;;;;000 ;1949;5 DESPESAS OPERACIONAL;01/26
6;1;   367;01;748;  710;     88761;TRANSFERENCIA;  1.074,69;;09/03/2026;10/02/2026;CONCILIADO;wramos  
5;1;   368;01;5502;SEGURO DE CARGAS;SEGURO SOMPO;61383493000180 ;SOMPO SEGUROS S.A.; ;SAO PAULO;SP; ;               ;           ;SEGUROS NAO-VIDA              ;;5.06.01.01.0010;2.01.01.10.0020;     1254; ;      1.074,69;      1.074,69;      1.074,69;          0,00;          0,00;      1.074,69;09/03/2026;wramos  ;05/02/2026;10/01/2026;05/02/2026;          ;10/01/2026;MTZ;LIQU;;;;000 ;1949;5 DESPESAS OPERACIONAL;01/26
6;1;   368;01;748;  710;     88761;TRANSFERENCIA;  1.074,69;;09/03/2026;10/02/2026;CONCILIADO;wramos  
5;1;   369;01;5407;COMBUSTIVEIS E LUBRIFICANTES;ABASTECIMENTO BRUNO PALETES;54409706000130 ;AUTO POSTO ITATIBENSE LTDA; ;ITATIBA;SP; ;               ;           ;COMBUSTIVEIS                  ;;5.02.01.01.0010;2.01.01.10.0017;    54588; ;        244,30;        244,30;        244,30;          0,00;          0,00;        244,30;09/03/2026;wramos  ;10/02/2026;10/02/2026;10/02/2026;          ;10/02/2026;MTZ;LIQU;;;;000 ;1653;5 DESPESAS OPERACIONAL;02/26
6;1;   369;01;748;  710;     88761;TRANSFERENCIA;    244,30;;09/03/2026;10/02/2026;CONCILIADO;wramos  
5;1;   370;01;5115;PIS;PIS 01/26;00394460005887 ;MINISTERIO ECONOMIA RECEITA FE; ;BRASILIA;DF; ;               ;           ;IMPOSTOS                      ;;2.01.01.25.0041;2.01.01.25.0023;     1255; ;      1.281,88;      1.281,88;      1.281,88;          0,00;          0,00;      1.281,88;09/03/2026;wramos  ;20/01/2026;10/01/2026;11/02/2026;          ;10/01/2026;MTZ;CANC;;;;000 ;2949;1 IMPOSTOS;12/25
5;1;   371;01;5317;TARIFA BANCARIA;TARIFA DE BOLETO;01181521000155 ;BANCO COOPERATIVO SICREDI SA; ;PORTO ALEGRE;RS; ;               ;           ;BANCO COOPERATIVO             ;;5.09.01.01.0020;2.01.01.10.0020;     1254; ;          6,00;          6,00;          6,00;          0,00;          0,00;          6,00;09/03/2026;wramos  ;18/02/2026;18/02/2026;18/02/2026;          ;18/02/2026;MTZ;LIQU;;;;000 ;2949;99 OUTROS;02/26
6;1;   371;01;748;  710;     88761;TRANSFERENCIA;      6,00;;09/03/2026;18/02/2026;CONCILIADO;wramos  
5;1;   372;01;5317;TARIFA BANCARIA;TARIFA CAPITAL SOCIAL;01181521000155 ;BANCO COOPERATIVO SICREDI SA; ;PORTO ALEGRE;RS; ;               ;           ;BANCO COOPERATIVO             ;;5.09.01.01.0020;2.01.01.10.0020;     2555; ;        100,00;        100,00;        100,00;          0,00;          0,00;        100,00;09/03/2026;wramos  ;18/02/2026;18/02/2026;18/02/2026;          ;18/02/2026;MTZ;LIQU;;;;000 ;2949;99 OUTROS;02/26
6;1;   372;01;748;  710;     88761;TRANSFERENCIA;    100,00;;09/03/2026;18/02/2026;CONCILIADO;wramos  
5;1;   373;01;5210;ACERTO CONTA FORNECEDOR;EMPRESTIMO BWT PALETES;62702150000102 ;BWT COMERCIO DE PALETES LTDA; ;CATANDUVA;SP; ;               ;           ;FABRICACAO DE PALETES         ;;2.01.01.30.0020;2.01.01.10.0017;      125; ;      2.690,00;      2.690,00;      2.690,00;          0,00;          0,00;      2.690,00;09/03/2026;wramos  ;18/02/2026;18/02/2026;18/02/2026;          ;18/02/2026;MTZ;LIQU;;;;000 ;1949;4 DESPESAS ADM;02/26
6;1;   373;01;748;  710;     88761;TRANSFERENCIA;  2.690,00;;09/03/2026;18/02/2026;CONCILIADO;wramos  
5;1;   374;01;5210;ACERTO CONTA FORNECEDOR;COMPRA DEBITO BRUNO USO PESSOAL;00035987892899 ;BRUNO DA SILVA OLIVEIRA; ;INDAIATUBA;SP; ;               ;           ;COMERCIAL                     ;;2.01.01.30.0020;2.01.01.10.0017;      125; ;        523,25;        523,25;        523,25;          0,00;          0,00;        523,25;09/03/2026;wramos  ;18/02/2026;18/02/2026;18/02/2026;          ;18/02/2026;MTZ;LIQU;;;;000 ;1949;4 DESPESAS ADM;02/26
6;1;   374;01;748;  710;     88761;TRANSFERENCIA;    523,25;;09/03/2026;18/02/2026;CONCILIADO;wramos  
5;1;   375;01;1555;CONTABILIDADE;CONTABILIDADE;24824630000149 ;MASTER CONTABIL CATANDUVA LTDA; ;CATANDUVA;SP; ;               ;           ;CONTABILIDADE                 ;;;;      125; ;      1.057,00;      1.057,00;      1.057,00;          0,00;          0,00;      1.057,00;09/03/2026;wramos  ;20/02/2026;10/02/2026;19/02/2026;          ;10/02/2026;MTZ;LIQU;;;;000 ;0000;4 DESPESAS ADM;02/26
6;1;   375;01;748;  710;     88761;TRANSFERENCIA;  1.057,00;;09/03/2026;19/02/2026;CONCILIADO;wramos  
5;1;   376;01;5806;SISTEMA;SISTEMA;01446320000132 ;SSW SISTEMAS LTDA; ;CURITIBA;PR; ;               ;           ;MANUTENCAO DE SISTEMA         ;;;;      125; ;      1.625,32;      1.625,32;      1.625,32;          0,00;          0,00;      1.625,32;09/03/2026;wramos  ;15/02/2026;10/02/2026;19/02/2026;          ;10/02/2026;MTZ;LIQU;;;;000 ;0000;4 DESPESAS ADM;02/26
6;1;   376;01;748;  710;     88761;TRANSFERENCIA;  1.625,32;;09/03/2026;19/02/2026;CONCILIADO;wramos  
5;1;   377;01;5416;INSS;DARF INSS;00394460005887 ;MINISTERIO ECONOMIA RECEITA FE; ;BRASILIA;DF; ;               ;           ;IMPOSTOS                      ;;2.01.01.20.0017;2.01.01.25.0023;     5855; ;        502,51;        502,51;        502,51;          0,00;          0,00;        502,51;09/03/2026;wramos  ;20/02/2026;10/02/2026;20/02/2026;          ;10/02/2026;MTZ;LIQU;;;;000 ;2949;1 IMPOSTOS;02/26
6;1;   377;01;748;  710;     88761;TRANSFERENCIA;    502,51;;09/03/2026;20/02/2026;CONCILIADO;wramos  
5;1;   378;01;5256;COFINS;COFINS;00394460005887 ;MINISTERIO ECONOMIA RECEITA FE; ;BRASILIA;DF; ;               ;           ;IMPOSTOS                      ;;2.01.01.25.0042;2.01.01.25.0023;    12222; ;      6.396,52;      6.396,52;      6.396,52;          0,00;          0,00;      6.396,52;09/03/2026;wramos  ;25/02/2026;10/02/2026;20/02/2026;          ;10/02/2026;MTZ;LIQU;;;;000 ;2949;1 IMPOSTOS;01/26
6;1;   378;01;748;  710;     88761;TRANSFERENCIA;  6.396,52;;09/03/2026;20/02/2026;CONCILIADO;wramos  
5;1;   379;01;5115;PIS;PIS;00394460005887 ;MINISTERIO ECONOMIA RECEITA FE; ;BRASILIA;DF; ;               ;           ;IMPOSTOS                      ;;2.01.01.25.0041;2.01.01.25.0023;  2555336; ;      1.385,91;      1.385,91;      1.385,91;          0,00;          0,00;      1.385,91;09/03/2026;wramos  ;25/02/2026;09/02/2026;20/02/2026;          ;09/02/2026;MTZ;LIQU;;;;000 ;2949;1 IMPOSTOS;01/26
6;1;   379;01;748;  710;     88761;TRANSFERENCIA;  1.385,91;;09/03/2026;20/02/2026;CONCILIADO;wramos  
5;1;   380;01;5803;PUBLICIDADE E PROPAGANDA;PATROCINIO;62206018000100 ;FRANCIS FERNANDO MACHADO ME; ;ITATIBA;SP; ;               ;           ;EVENTOS                       ;;;;        1; ;        150,00;        150,00;        150,00;          0,00;          0,00;        150,00;09/03/2026;wramos  ;23/02/2026;10/02/2026;23/02/2026;          ;10/02/2026;MTZ;LIQU;;;;000 ;0000;4 DESPESAS ADM;02/26
6;1;   380;01;748;  710;     88761;TRANSFERENCIA;    150,00;;09/03/2026;23/02/2026;CONCILIADO;wramos  
5;1;   381;01;5210;ACERTO CONTA FORNECEDOR;EMPRESTIMO BWT PALETES;62702150000102 ;BWT COMERCIO DE PALETES LTDA; ;CATANDUVA;SP; ;               ;           ;FABRICACAO DE PALETES         ;;2.01.01.30.0020;2.01.01.10.0017;     2155; ;        150,00;        150,00;        150,00;          0,00;          0,00;        150,00;09/03/2026;wramos  ;23/02/2026;23/02/2026;23/02/2026;          ;23/02/2026;MTZ;LIQU;;;;000 ;1949;4 DESPESAS ADM;02/26
6;1;   381;01;748;  710;     88761;TRANSFERENCIA;    150,00;;09/03/2026;23/02/2026;CONCILIADO;wramos  
5;1;   382;01;5407;COMBUSTIVEIS E LUBRIFICANTES;ABASTECIMENTO BRUNO PALETES;54409706000130 ;AUTO POSTO ITATIBENSE LTDA; ;ITATIBA;SP; ;               ;           ;COMBUSTIVEIS                  ;;5.02.01.01.0010;2.01.01.10.0017;    21554; ;        242,57;        242,57;        242,57;          0,00;          0,00;        242,57;09/03/2026;wramos  ;24/02/2026;24/02/2026;24/02/2026;          ;24/02/2026;MTZ;LIQU;;;;000 ;1653;5 DESPESAS OPERACIONAL;02/26
6;1;   382;01;748;  710;     88761;TRANSFERENCIA;    242,57;;09/03/2026;24/02/2026;CONCILIADO;wramos  
5;1;   383;01;5301;ALUGUEL DO IMOVEL;COWOORKING SJC;17813642000102 ;TILIT ESCRITORIO EMPRESARIAL L; ;SAO JOSE DOS CAMPOS;SP; ;               ;           ;COOWKING                      ;;5.02.02.01.0035;2.01.01.10.0020;    54854; ;        259,00;        259,00;        259,00;          0,00;          0,00;        259,00;09/03/2026;wramos  ;20/02/2026;10/02/2026;19/02/2026;          ;10/02/2026;MTZ;LIQU;;;;000 ;1949;4 DESPESAS ADM;02/26
6;1;   383;01;748;  710;     88761;TRANSFERENCIA;    259,00;;09/03/2026;19/02/2026;CONCILIADO;wramos  
5;1;   384;01;5108;ICMS;ICMS;46377222000390 ;SECRETARIA DA FAZENDA E PLANEJ; ;SAO PAULO;SP; ;               ;           ;ORGAO PUBLICO                 ;;2.01.01.25.0010;2.01.01.25.0023;      222; ;     23.260,14;     23.260,14;     23.260,14;          0,00;          0,00;     23.260,14;09/03/2026;wramos  ;25/02/2026;10/02/2026;25/02/2026;          ;10/02/2026;MTZ;LIQU;;;;000 ;1949;1 IMPOSTOS;02/26
6;1;   384;01;748;  710;     88761;TRANSFERENCIA; 23.260,14;;09/03/2026;25/02/2026;CONCILIADO;wramos  
5;1;   385;01;5407;COMBUSTIVEIS E LUBRIFICANTES;ABASTECIMENTO BRUNO;54409706000130 ;AUTO POSTO ITATIBENSE LTDA; ;ITATIBA;SP; ;               ;           ;COMBUSTIVEIS                  ;;5.02.01.01.0010;2.01.01.10.0017;    12554; ;        210,98;        210,98;        210,98;          0,00;          0,00;        210,98;10/03/2026;wramos  ;09/03/2026;09/03/2026;09/03/2026;          ;09/03/2026;MTZ;LIQU;;;;000 ;1653;5 DESPESAS OPERACIONAL;03/26
6;1;   385;01;748;  710;     88761;TRANSFERENCIA;    210,98;;10/03/2026;02/03/2026;CONCILIADO;wramos  
5;1;   386;01;5403;PEDAGIOS;PEDAGIO BRUNO;00035987892899 ;BRUNO DA SILVA OLIVEIRA; ;INDAIATUBA;SP; ;               ;           ;COMERCIAL                     ;;5.02.02.01.0013;2.01.01.10.0020;     2255; ;          8,10;          8,10;          8,10;          0,00;          0,00;          8,10;10/03/2026;wramos  ;02/03/2026;02/03/2026;02/03/2026;          ;02/03/2026;MTZ;LIQU;;;;000 ;1949;5 DESPESAS OPERACIONAL;03/26
6;1;   386;01;748;  710;     88761;TRANSFERENCIA;      8,10;;10/03/2026;02/03/2026;CONCILIADO;wramos  
5;1;   387;01;5317;TARIFA BANCARIA;TARIFA DE BOLETO;01181521000155 ;BANCO COOPERATIVO SICREDI SA; ;PORTO ALEGRE;RS; ;               ;           ;BANCO COOPERATIVO             ;;5.09.01.01.0020;2.01.01.10.0020;    52365; ;          3,00;          3,00;          3,00;          0,00;          0,00;          3,00;10/03/2026;wramos  ;03/03/2026;03/03/2026;03/03/2026;          ;03/03/2026;MTZ;LIQU;;;;000 ;2949;99 OUTROS;03/26
6;1;   387;01;748;  710;     88761;TRANSFERENCIA;      3,00;;10/03/2026;03/03/2026;CONCILIADO;wramos  
5;1;   388;01;5210;ACERTO CONTA FORNECEDOR;PRESTACAO DE SERVICOS FEVEREIRO;50677123000130 ;50.677.123 MARIA CLARA GOMES F;50677123000130 ;INDAIATUBA;SP; ;               ;           ;DIGITACAO DE DOCUMENTOS       ;;2.01.01.30.0020;2.01.01.10.0017;      252; ;      4.600,00;      4.600,00;      4.600,00;          0,00;          0,00;      4.600,00;10/03/2026;wramos  ;05/03/2026;01/03/2026;04/03/2026;          ;01/03/2026;MTZ;LIQU;;;;000 ;1949;4 DESPESAS ADM;02/26
6;1;   388;01;748;  710;     88761;TRANSFERENCIA;  4.600,00;;10/03/2026;04/03/2026;CONCILIADO;wramos  
5;1;   389;01;5466;PRO-LABORE;PRO LABORE BRUNO;00035987892899 ;BRUNO DA SILVA OLIVEIRA; ;INDAIATUBA;SP; ;               ;           ;COMERCIAL                     ;;;;     8548; ;      4.224,00;      4.224,00;      4.224,00;          0,00;          0,00;      4.224,00;10/03/2026;wramos  ;05/03/2026;05/03/2026;05/03/2026;          ;05/03/2026;MTZ;LIQU;;;;000 ;0000;4 DESPESAS ADM;02/26
6;1;   389;01;748;  710;     88761;TRANSFERENCIA;  4.224,00;;10/03/2026;05/03/2026;CONCILIADO;wramos  
5;1;   390;01;5210;ACERTO CONTA FORNECEDOR;DEVOLUCAO BRUNO;62715353000125 ;BWT SUPLEMENTOS LTDA; ;CATANDUVA;SP; ;               ;           ;COMERCIO DE SUPLEMENTO ALIMENT;;2.01.01.30.0020;2.01.01.10.0017;        1; ;      1.250,00;      1.250,00;      1.250,00;          0,00;          0,00;      1.250,00;10/03/2026;wramos  ;05/03/2026;05/03/2026;05/03/2026;          ;05/03/2026;MTZ;LIQU;;;;000 ;1949;4 DESPESAS ADM;02/26
6;1;   390;01;748;  710;     88761;TRANSFERENCIA;  1.250,00;;10/03/2026;05/03/2026;CONCILIADO;wramos  
5;1;   391;01;5466;PRO-LABORE;PRO LABORE;00032071194845 ;WELLINGTON TEIXEIRA RAMOS; ;APARECIDA;SP; ;               ;           ;REEMBOLSO                     ;;;;        1; ;      6.000,00;      6.000,00;      6.000,00;          0,00;          0,00;      6.000,00;10/03/2026;wramos  ;05/03/2026;05/03/2026;05/03/2026;          ;05/03/2026;MTZ;LIQU;;;;000 ;0000;4 DESPESAS ADM;02/26
6;1;   391;01;748;  710;     88761;TRANSFERENCIA;  6.000,00;;10/03/2026;05/03/2026;CONCILIADO;wramos  
5;1;   392;01;5317;TARIFA BANCARIA;TARIFA DE BOLETO;01181521000155 ;BANCO COOPERATIVO SICREDI SA; ;PORTO ALEGRE;RS; ;               ;           ;BANCO COOPERATIVO             ;;5.09.01.01.0020;2.01.01.10.0020;   125500; ;          3,00;          3,00;          3,00;          0,00;          0,00;          3,00;10/03/2026;wramos  ;03/03/2026;03/03/2026;03/03/2026;          ;03/03/2026;MTZ;LIQU;;;;000 ;2949;99 OUTROS;03/26
6;1;   392;01;748;  710;     88761;TRANSFERENCIA;      3,00;;10/03/2026;06/03/2026;CONCILIADO;wramos  
5;1;   393;01;5424;IPVA;LICENCIAMENTO SIMBOW;00035987892899 ;BRUNO DA SILVA OLIVEIRA; ;INDAIATUBA;SP; ;               ;           ;COMERCIAL                     ;;5.06.01.01.0015;2.01.01.25.0023;        1; ;      1.113,76;      1.113,76;      1.113,76;          0,00;          0,00;      1.113,76;10/03/2026;wramos  ;09/03/2026;09/03/2026;09/03/2026;          ;09/03/2026;MTZ;LIQU;;;;000 ;1949;1 IMPOSTOS;03/26
6;1;   393;01;748;  710;     88761;TRANSFERENCIA;  1.113,76;;10/03/2026;09/03/2026;CONCILIADO;wramos  
5;1;   394;01;5803;PUBLICIDADE E PROPAGANDA;DEBITO FATURA CARTAO SICREDI;01181521000155 ;BANCO COOPERATIVO SICREDI SA; ;PORTO ALEGRE;RS; ;               ;           ;BANCO COOPERATIVO             ;;;;        1; ;        220,73;        220,73;        220,73;          0,00;          0,00;        220,73;10/03/2026;wramos  ;09/03/2026;01/03/2026;09/03/2026;          ;01/03/2026;MTZ;LIQU;;;;000 ;0000;4 DESPESAS ADM;02/26
6;1;   394;01;748;  710;     88761;TRANSFERENCIA;    220,73;;10/03/2026;09/03/2026;CONCILIADO;wramos  
5;1;   395;01;5202;COMISSAO DE VENDEDORES;COMISSAO MAURICIO;09452472000150 ;TATONELLA ADMINISTRACAO EIRELI; ;INDAIATUBA;SP;BANCO DO BRASIL S.A. 1 / 2222-5 / 12345678-9;               ;           ;SERVIC DE OPERACAO E FORNECIME;;5.05.02.01.0010;2.01.01.10.0017;      125; ;      8.541,21;      8.541,21;      8.541,21;          0,00;          0,00;      8.541,21;10/03/2026;wramos  ;10/03/2026;01/03/2026;09/03/2026;          ;01/03/2026;MTZ;LIQU;;;;000 ;1949;4 DESPESAS ADM;02/26
6;1;   395;01;748;  710;     88761;TRANSFERENCIA;  8.541,21;;10/03/2026;09/03/2026;CONCILIADO;wramos  
5;1;   396;01;5407;COMBUSTIVEIS E LUBRIFICANTES;ABASTECIMENTO BRUNO;00035987892899 ;BRUNO DA SILVA OLIVEIRA; ;INDAIATUBA;SP; ;               ;           ;COMERCIAL                     ;;5.02.01.01.0010;2.01.01.10.0017;   124575; ;        241,62;        241,62;        241,62;          0,00;          0,00;        241,62;10/03/2026;wramos  ;09/03/2026;09/03/2026;09/03/2026;          ;09/03/2026;MTZ;LIQU;;;;000 ;1653;5 DESPESAS OPERACIONAL;03/26
6;1;   396;01;748;  710;     88761;TRANSFERENCIA;    241,62;;10/03/2026;09/03/2026;CONCILIADO;wramos  
5;1;   397;01;5806;SISTEMA;SSW;01446320000132 ;SSW SISTEMAS LTDA; ;CURITIBA;PR; ;               ;           ;MANUTENCAO DE SISTEMA         ;;;;      555; ;      1.621,00;      1.621,00;      1.621,00;          0,00;          0,00;      1.621,00;10/03/2026;wramos  ;09/03/2026;01/03/2026;09/03/2026;          ;01/03/2026;MTZ;LIQU;;;;000 ;0000;4 DESPESAS ADM;02/26
6;1;   397;01;748;  710;     88761;TRANSFERENCIA;  1.621,00;;10/03/2026;09/03/2026;CONCILIADO;wramos  
5;1;   398;01;5210;ACERTO CONTA FORNECEDOR;FATURA NUBANK ;18236120000158 ;NU PAGAMENTOS S.A. - INSTITUIC; ;SANTANA DO LIVRAMENTO;RS; ;               ;           ;BANCO DIGITAL                 ;;2.01.01.30.0020;2.01.01.10.0017;        1; ;        603,71;        603,71;        603,71;          0,00;          0,00;        603,71;10/03/2026;wramos  ;16/03/2026;01/03/2026;09/03/2026;          ;01/03/2026;MTZ;LIQU;;;;000 ;2949;4 DESPESAS ADM;02/26
6;1;   398;01;748;  710;     88761;TRANSFERENCIA;    603,71;;10/03/2026;09/03/2026;CONCILIADO;wramos  
5;1;   399;01;1555;CONTABILIDADE;CONTABILIDADE;24824630000149 ;MASTER CONTABIL CATANDUVA LTDA; ;CATANDUVA;SP; ;               ;           ;CONTABILIDADE                 ;;;;        1; ;      1.057,00;      1.057,00;      1.057,00;          0,00;          0,00;      1.057,00;10/03/2026;wramos  ;20/03/2026;01/03/2026;09/03/2026;          ;01/03/2026;MTZ;LIQU;;;;000 ;0000;4 DESPESAS ADM;02/26
6;1;   399;01;748;  710;     88761;TRANSFERENCIA;  1.057,00;;10/03/2026;09/03/2026;CONCILIADO;wramos  
5;1;   400;01;5301;ALUGUEL DO IMOVEL;COOWORKING SJC;17813642000102 ;TILIT ESCRITORIO EMPRESARIAL L; ;SAO JOSE DOS CAMPOS;SP; ;               ;           ;COOWKING                      ;;5.02.02.01.0035;2.01.01.10.0020;      888; ;        259,00;        259,00;        259,00;          0,00;          0,00;        259,00;10/03/2026;wramos  ;20/03/2026;01/03/2026;09/03/2026;          ;01/03/2026;MTZ;LIQU;;;;000 ;1949;4 DESPESAS ADM;02/26
6;1;   400;01;748;  710;     88761;TRANSFERENCIA;    259,00;;10/03/2026;09/03/2026;CONCILIADO;wramos  
5;1;   401;01;5416;INSS;INSS SOBRE FOLHA;00394460005887 ;MINISTERIO ECONOMIA RECEITA FE; ;BRASILIA;DF; ;               ;           ;IMPOSTOS                      ;;2.01.01.20.0017;2.01.01.25.0023;       25; ;        502,51;        502,51;        502,51;          0,00;          0,00;        502,51;13/03/2026;wramos  ;20/03/2026;10/03/2026;20/03/2026;          ;10/03/2026;MTZ;LIQU;;;;000 ;2949;1 IMPOSTOS;02/26
6;1;   401;01;748;  710;     88761;TRANSFERENCIA;    502,51;;13/03/2026;13/03/2026;CONCILIADO;wramos  
5;1;   402;01;5210;ACERTO CONTA FORNECEDOR;FATURA E4LOG -1  QUINZENA DE MARCO;27773153000128 ;E4LOG SOLUCOES LOGISTICAS LTDA; ;ITATIBA;SP;BANCO ITAU S.A. 341 / 7446- / 22350-0;               ;           ;TRANSPORTADORA                ;;2.01.01.30.0020;2.01.01.10.0017;   320813; ;    127.239,01;    127.239,01;    127.239,01;          0,00;          0,00;    127.239,01;19/03/2026;mclara  ;16/04/2026;13/03/2026;16/04/2026;          ;13/03/2026;MTZ;LIQU;;;;000 ;1949;4 DESPESAS ADM;03/26
6;1;   402;01;748;  710;     88761;TRANSFERENCIA;127.239,01;;14/04/2026;14/04/2026;CONCILIADO;wramos  
5;1;   403;01;5317;TARIFA BANCARIA;MANUTENCAO C/C;01181521000155 ;BANCO COOPERATIVO SICREDI SA; ;PORTO ALEGRE;RS; ;               ;           ;BANCO COOPERATIVO             ;;5.09.01.01.0020;2.01.01.10.0020;    12554; ;         31,98;         31,98;         31,98;          0,00;          0,00;         31,98;26/03/2026;wramos  ;10/03/2026;10/03/2026;10/03/2026;          ;10/03/2026;MTZ;LIQU;;;;000 ;2949;99 OUTROS;03/26
6;1;   403;01;748;  710;     88761;TRANSFERENCIA;     31,98;;26/03/2026;10/03/2026;CONCILIADO;wramos  
5;1;   404;01;5407;COMBUSTIVEIS E LUBRIFICANTES;ABASTECIMENTO WELLINGTON INDAIATUBA;00014822961877 ;EDUARDO FUSUSSI; ;ITATIBA;SP; ;               ;           ;COMBUSTIVEL                   ;;5.02.01.01.0010;2.01.01.10.0017;      125; ;        330,27;        330,27;        330,27;          0,00;          0,00;        330,27;26/03/2026;wramos  ;17/03/2026;17/03/2026;17/03/2026;          ;17/03/2026;MTZ;LIQU;;;;000 ;1653;5 DESPESAS OPERACIONAL;03/26
6;1;   404;01;748;  710;     88761;TRANSFERENCIA;    330,27;;26/03/2026;17/03/2026;CONCILIADO;wramos  
5;1;   405;01;5203;ALIMENTACAO;CAFE DA MANHA CHOPAO;55008868000120 ;BWT LOGISTICA TRANSPORTES E LO; ;SAO JOSE DOS CAMPOS;SP;SICREDI 748 / 0710- / 88761-8;55008868000120 ;BWT LOGISTI;ALUGUEL DE EQUIPAMENTO        ;;5.02.03.01.0065;2.01.01.10.0017;     1251; ;         67,83;         67,83;         67,83;          0,00;          0,00;         67,83;26/03/2026;wramos  ;17/03/2026;17/03/2026;17/03/2026;          ;17/03/2026;MTZ;LIQU;;;;000 ;1949;15 OBRIGACOES TRABALHISTAS;03/26
6;1;   405;01;748;  710;     88761;TRANSFERENCIA;     67,83;;26/03/2026;17/03/2026;CONCILIADO;wramos  
5;1;   406;01;5203;ALIMENTACAO;ALMOCO MAURICIO;00875947000146 ;LANCHONETE RIACHO DOCE LTDA; ;ITUPEVA;SP; ;               ;           ;ALMOCO                        ;;5.02.03.01.0065;2.01.01.10.0017;     1258; ;        257,70;        257,70;        257,70;          0,00;          0,00;        257,70;26/03/2026;wramos  ;17/03/2026;17/03/2026;17/03/2026;          ;17/03/2026;MTZ;LIQU;;;;000 ;1949;15 OBRIGACOES TRABALHISTAS;03/26
6;1;   406;01;748;  710;     88761;TRANSFERENCIA;    257,70;;26/03/2026;17/03/2026;CONCILIADO;wramos  
5;1;   407;01;5203;ALIMENTACAO;REFEICAO BAR DO GENI;44379729000196 ;GENIVAL LANCHONETE E RESTAURAN; ;ITATIBA;SP; ;               ;           ;ALIMENTACAO                   ;;5.02.03.01.0065;2.01.01.10.0017;      125; ;        151,00;        151,00;        151,00;          0,00;          0,00;        151,00;26/03/2026;wramos  ;17/03/2026;17/03/2026;17/03/2026;          ;17/03/2026;MTZ;LIQU;;;;000 ;1949;15 OBRIGACOES TRABALHISTAS;03/26
6;1;   407;01;748;  710;     88761;TRANSFERENCIA;    151,00;;26/03/2026;17/03/2026;CONCILIADO;wramos  
5;1;   408;01;5317;TARIFA BANCARIA;TARIFA DE BOLETO;01181521000155 ;BANCO COOPERATIVO SICREDI SA; ;PORTO ALEGRE;RS; ;               ;           ;BANCO COOPERATIVO             ;;5.09.01.01.0020;2.01.01.10.0020;        8; ;          3,00;          3,00;          3,00;          0,00;          0,00;          3,00;26/03/2026;wramos  ;17/03/2026;17/03/2026;17/03/2026;          ;17/03/2026;MTZ;LIQU;;;;000 ;2949;99 OUTROS;03/26
6;1;   408;01;748;  710;     88761;TRANSFERENCIA;      3,00;;26/03/2026;17/03/2026;CONCILIADO;wramos  
5;1;   409;01;5407;COMBUSTIVEIS E LUBRIFICANTES;ABASTECIMENTO PALETES A PAGAR;54409706000130 ;AUTO POSTO ITATIBENSE LTDA; ;ITATIBA;SP; ;               ;           ;COMBUSTIVEIS                  ;;5.02.01.01.0010;2.01.01.10.0017;   121222; ;        264,41;        264,41;        264,41;          0,00;          0,00;        264,41;26/03/2026;wramos  ;18/03/2026;18/03/2026;18/03/2026;          ;18/03/2026;MTZ;LIQU;;;;000 ;1653;5 DESPESAS OPERACIONAL;03/26
6;1;   409;01;748;  710;     88761;TRANSFERENCIA;    264,41;;26/03/2026;18/03/2026;CONCILIADO;wramos  
5;1;   410;01;5409;MANUTENCAO E CONSERVACAO DE VEICULOS;COMPRA DE REFLETIVOS PARA CARRETA;10573521000191 ;MERCADOPAGO.COM REPRESENTACOES; ;OSASCO;SP; ;               ;           ;COMERCIO DIVERSOS PRODUTOS    ;;5.02.01.01.0017;2.01.01.10.0017;   112251; ;         85,98;         85,98;         85,98;          0,00;          0,00;         85,98;26/03/2026;wramos  ;18/03/2026;18/03/2026;18/03/2026;          ;18/03/2026;MTZ;LIQU;;;;000 ;1949;5 DESPESAS OPERACIONAL;03/26
6;1;   410;01;748;  710;     88761;TRANSFERENCIA;     85,98;;26/03/2026;18/03/2026;CONCILIADO;wramos  
5;1;   411;01;5115;PIS;PAGAMENTO PIS;00394460005887 ;MINISTERIO ECONOMIA RECEITA FE; ;BRASILIA;DF; ;               ;           ;IMPOSTOS                      ;;2.01.01.25.0041;2.01.01.25.0023;       88; ;      1.628,52;      1.628,52;      1.628,52;          0,00;          0,00;      1.628,52;26/03/2026;wramos  ;25/03/2026;10/03/2026;18/03/2026;          ;10/03/2026;MTZ;LIQU;;;;000 ;2949;1 IMPOSTOS;03/26
6;1;   411;01;748;  710;     88761;TRANSFERENCIA;  1.628,52;;26/03/2026;18/03/2026;CONCILIADO;wramos  
5;1;   412;01;5256;COFINS;COFINS;00394460005887 ;MINISTERIO ECONOMIA RECEITA FE; ;BRASILIA;DF; ;               ;           ;IMPOSTOS                      ;;2.01.01.25.0042;2.01.01.25.0023;        6; ;      7.516,24;      7.516,24;      7.516,24;          0,00;          0,00;      7.516,24;26/03/2026;wramos  ;10/03/2026;10/03/2026;10/03/2026;          ;10/03/2026;MTZ;LIQU;;;;000 ;2949;1 IMPOSTOS;02/26
6;1;   412;01;748;  710;     88761;TRANSFERENCIA;  7.516,24;;26/03/2026;18/03/2026;CONCILIADO;wramos  
5;1;   413;01;5108;ICMS;ICMS;46377222000390 ;SECRETARIA DA FAZENDA E PLANEJ; ;SAO PAULO;SP; ;               ;           ;ORGAO PUBLICO                 ;;2.01.01.25.0010;2.01.01.25.0023;        7; ;     27.331,97;     27.331,97;     27.331,97;          0,00;          0,00;     27.331,97;26/03/2026;wramos  ;25/03/2026;10/03/2026;18/03/2026;          ;10/03/2026;MTZ;LIQU;;;;000 ;1949;1 IMPOSTOS;02/26
6;1;   413;01;748;  710;     88761;TRANSFERENCIA; 27.331,97;;26/03/2026;18/03/2026;CONCILIADO;wramos  
5;1;   414;01;5466;PRO-LABORE;PRO LABORE;00032071194845 ;WELLINGTON TEIXEIRA RAMOS; ;APARECIDA;SP; ;               ;           ;REEMBOLSO                     ;;;;       10; ;      6.000,00;      6.000,00;      6.000,00;          0,00;          0,00;      6.000,00;26/03/2026;wramos  ;20/03/2026;05/03/2026;18/03/2026;          ;05/03/2026;MTZ;LIQU;;;;000 ;0000;4 DESPESAS ADM;02/26
6;1;   414;01;748;  710;     88761;TRANSFERENCIA;  6.000,00;;26/03/2026;18/03/2026;CONCILIADO;wramos  
5;1;   415;01;5210;ACERTO CONTA FORNECEDOR;PAGAMENTO EMPRESTIMO SUPLEMENTOS BRUNO;62715353000125 ;BWT SUPLEMENTOS LTDA; ;CATANDUVA;SP; ;               ;           ;COMERCIO DE SUPLEMENTO ALIMENT;;2.01.01.30.0020;2.01.01.10.0017;       87; ;      1.250,00;      1.250,00;      1.250,00;          0,00;          0,00;      1.250,00;26/03/2026;wramos  ;20/03/2026;10/03/2026;18/03/2026;          ;10/03/2026;MTZ;LIQU;;;;000 ;1949;4 DESPESAS ADM;03/26
6;1;   415;01;748;  710;     88761;TRANSFERENCIA;  1.250,00;;26/03/2026;18/03/2026;CONCILIADO;wramos  
5;1;   416;01;5466;PRO-LABORE;PRO LABORE BRUNO;00035987892899 ;BRUNO DA SILVA OLIVEIRA; ;INDAIATUBA;SP; ;               ;           ;COMERCIAL                     ;;;;     9999; ;      3.846,00;      3.846,00;      3.846,00;          0,00;          0,00;      3.846,00;26/03/2026;wramos  ;20/03/2026;10/03/2026;18/03/2026;          ;10/03/2026;MTZ;LIQU;;;;000 ;0000;4 DESPESAS ADM;02/26
6;1;   416;01;748;  710;     88761;TRANSFERENCIA;  3.846,00;;26/03/2026;18/03/2026;CONCILIADO;wramos  
5;1;   417;01;5210;ACERTO CONTA FORNECEDOR;EMPRESTIMO BWT PALETES A PAGAR;62702150000102 ;BWT COMERCIO DE PALETES LTDA; ;CATANDUVA;SP; ;               ;           ;FABRICACAO DE PALETES         ;;2.01.01.30.0020;2.01.01.10.0017;       87; ;      1.400,00;      1.400,00;      1.400,00;          0,00;          0,00;      1.400,00;26/03/2026;wramos  ;23/03/2026;23/03/2026;23/03/2026;          ;23/03/2026;MTZ;LIQU;;;;000 ;1949;4 DESPESAS ADM;03/26
6;1;   417;01;748;  710;     88761;TRANSFERENCIA;  1.400,00;;26/03/2026;23/03/2026;CONCILIADO;wramos  
5;1;   418;01;5803;PUBLICIDADE E PROPAGANDA;PATROCINIO;62206018000100 ;FRANCIS FERNANDO MACHADO ME; ;ITATIBA;SP; ;               ;           ;EVENTOS                       ;;;;        3; ;        150,00;        150,00;        150,00;          0,00;          0,00;        150,00;26/03/2026;wramos  ;23/03/2026;23/03/2026;23/03/2026;          ;23/03/2026;MTZ;LIQU;;;;000 ;0000;4 DESPESAS ADM;03/26
6;1;   418;01;748;  710;     88761;TRANSFERENCIA;    150,00;;26/03/2026;23/03/2026;CONCILIADO;wramos  
5;1;   419;01;5407;COMBUSTIVEIS E LUBRIFICANTES;ABASTECIMENTO BRUNO BWT PALETES A REEMBOLSAR;32365593000186 ;AUTO POSTO COLLINA DE ITATIBA ; ;ITATIBA;SP; ;               ;           ;COMBUSTIVEIS                  ;;5.02.01.01.0010;2.01.01.10.0017;        9; ;        265,90;        265,90;        265,90;          0,00;          0,00;        265,90;26/03/2026;wramos  ;25/03/2026;25/03/2026;25/03/2026;          ;25/03/2026;MTZ;LIQU;;;;000 ;1653;5 DESPESAS OPERACIONAL;03/26
6;1;   419;01;748;  710;     88761;TRANSFERENCIA;    265,90;;26/03/2026;25/03/2026;CONCILIADO;wramos  
5;1;   420;01;5317;TARIFA BANCARIA;COTAS DE CAPITAL;01181521000155 ;BANCO COOPERATIVO SICREDI SA; ;PORTO ALEGRE;RS; ;               ;           ;BANCO COOPERATIVO             ;;5.09.01.01.0020;2.01.01.10.0020;       99; ;        100,00;        100,00;        100,00;          0,00;          0,00;        100,00;26/03/2026;wramos  ;16/03/2026;16/03/2026;16/03/2026;          ;16/03/2026;MTZ;LIQU;;;;000 ;2949;99 OUTROS;03/26
6;1;   420;01;748;  710;     88761;TRANSFERENCIA;    100,00;;26/03/2026;16/03/2026;CONCILIADO;wramos  
5;1;   421;01;5502;SEGURO DE CARGAS;APOLICE SEGURO;61383493000180 ;SOMPO SEGUROS S.A.; ;SAO PAULO;SP; ;               ;           ;SEGUROS NAO-VIDA              ;;5.06.01.01.0010;2.01.01.10.0020;      888; ;      1.075,76;      1.075,76;      1.075,76;          0,00;          0,00;      1.075,76;26/03/2026;wramos  ;05/03/2026;01/03/2026;16/03/2026;          ;01/03/2026;MTZ;LIQU;;;;000 ;1949;5 DESPESAS OPERACIONAL;02/26
6;1;   421;01;748;  710;     88761;TRANSFERENCIA;  1.075,76;;26/03/2026;16/03/2026;CONCILIADO;wramos  
5;1;   422;01;5502;SEGURO DE CARGAS;APOLICE;61383493000180 ;SOMPO SEGUROS S.A.; ;SAO PAULO;SP; ;               ;           ;SEGUROS NAO-VIDA              ;;5.06.01.01.0010;2.01.01.10.0020;        6; ;      1.075,76;      1.075,76;      1.075,76;          0,00;          0,00;      1.075,76;26/03/2026;wramos  ;05/03/2026;01/03/2026;16/03/2026;          ;01/03/2026;MTZ;LIQU;;;;000 ;1949;5 DESPESAS OPERACIONAL;02/26
6;1;   422;01;748;  710;     88761;TRANSFERENCIA;  1.075,76;;26/03/2026;16/03/2026;CONCILIADO;wramos  
5;1;   423;01;5210;ACERTO CONTA FORNECEDOR;FATURA E4LOG SEGUNDA QUINZENA MARCO/26 ;27773153000128 ;E4LOG SOLUCOES LOGISTICAS LTDA; ;ITATIBA;SP;BANCO ITAU S.A. 341 / 7446- / 22350-0;               ;           ;TRANSPORTADORA                ;;2.01.01.30.0020;2.01.01.10.0017;   320862; ;    141.053,76;    141.053,76;    141.053,76;          0,00;          0,00;    141.053,76;06/04/2026;mclara  ;01/05/2026;01/04/2026;04/05/2026;          ;01/04/2026;MTZ;LIQU;;;;000 ;1949;4 DESPESAS ADM;04/26
6;1;   423;01;748;  710;     88761;TRANSFERENCIA;141.053,76;;05/05/2026;05/05/2026;CONCILIADO;wramos  
5;1;   424;01;5501;INDENIZACAO DE MERCADORIAS;NTD 1895 - AVARIAS DAS NFS 63205, 61973, 62914, 65901, 66103, 66216 E 66341;01855226000137 ;SOLAR INOVE INDUSTRIAL LTDA; ;TUBARAO;SC; ;               ;           ;FERROS                        ;;5.03.04.01.0020;2.01.01.10.0020;     1895; ;      4.440,44;      4.440,44;      4.440,44;         96,20;          0,00;      4.536,64;06/04/2026;mclara  ;22/04/2026;23/03/2026;22/04/2026;          ;23/03/2026;MTZ;LIQU;;;;00190000090134115155144131334177414240000444044 ;2949;5 DESPESAS OPERACIONAL;04/26
6;1;   424;01;748;  710;     88761;TRANSFERENCIA;  4.536,64;;04/05/2026;24/04/2026;CONCILIADO;wramos  
5;1;   425;01;5245;DESPACHANTE;VINCULACAO ANTT CARRETAS BWT;00038477549800 ;DIONNYS WESLEY; ;SANTO ANDRE;SP; ;               ;           ;PRESTADOR                     ;;5.06.01.01.0035;2.01.01.10.0017;      125; ;        890,00;        890,00;        890,00;          0,00;          0,00;        890,00;07/04/2026;wramos  ;30/03/2026;30/03/2026;30/03/2026;          ;30/03/2026;MTZ;LIQU;;;;000 ;1949;4 DESPESAS ADM;03/26
6;1;   425;01;748;  710;     88761;TRANSFERENCIA;    890,00;;07/04/2026;30/03/2026;CONCILIADO;wramos  
5;1;   426;01;5210;ACERTO CONTA FORNECEDOR;ENTRADA PARA AQUISICAO DE CAMINHAO ;09452472000150 ;TATONELLA ADMINISTRACAO EIRELI; ;INDAIATUBA;SP;BANCO DO BRASIL S.A. 1 / 2222-5 / 12345678-9;               ;           ;SERVIC DE OPERACAO E FORNECIME;;2.01.01.30.0020;2.01.01.10.0017;  6781848; ;     80.000,00;     80.000,00;     80.000,00;          0,00;          0,00;     80.000,00;07/04/2026;wramos  ;31/03/2026;31/03/2026;31/03/2026;          ;31/03/2026;MTZ;LIQU;;;;000 ;1949;4 DESPESAS ADM;03/26
6;1;   426;01;748;  710;     88761;TRANSFERENCIA; 80.000,00;;07/04/2026;31/03/2026;CONCILIADO;wramos  
5;1;   427;01;5407;COMBUSTIVEIS E LUBRIFICANTES;ABASTECIMENTO BRUNO;04143037000120 ;AUTO POSTO BROTAS LTDA; ;ITATIBA;SP; ;               ;           ;;;5.02.01.01.0010;2.01.01.10.0017;      545; ;        182,11;        182,11;        182,11;          0,00;          0,00;        182,11;07/04/2026;wramos  ;31/03/2026;31/03/2026;31/03/2026;          ;31/03/2026;MTZ;LIQU;;;;000 ;1653;5 DESPESAS OPERACIONAL;03/26
6;1;   427;01;748;  710;     88761;TRANSFERENCIA;    182,11;;07/04/2026;31/03/2026;CONCILIADO;wramos  
5;1;   428;01;5402;SEGURO DE VEICULOS;SEGURO CAMINHAO;27428794000145 ;PRIVATE SEG CONSULTORIA EM SEG; ;POUSO ALEGRE;MG; ;               ;           ;SEGURO                        ;;5.06.01.01.0013;2.01.01.10.0020;     2125; ;      1.068,90;      1.068,90;      1.068,90;          0,00;          0,00;      1.068,90;07/04/2026;wramos  ;01/04/2026;01/04/2026;01/04/2026;          ;01/04/2026;MTZ;LIQU;;;;000 ;2949;5 DESPESAS OPERACIONAL;04/26
6;1;   428;01;748;  710;     88761;TRANSFERENCIA;  1.068,90;;07/04/2026;01/04/2026;CONCILIADO;wramos  
5;1;   429;01;5403;PEDAGIOS;PEDAGIO CAMINHAO;15484093000144 ;ECO 101 CONCESSIONARIA DE RODO; ;SERRA;ES; ;               ;           ;PEDAGIOS                      ;;5.02.02.01.0013;2.01.01.10.0020;        1; ;         76,20;         76,20;         76,20;          0,00;          0,00;         76,20;07/04/2026;wramos  ;01/04/2026;01/04/2026;01/04/2026;          ;01/04/2026;MTZ;LIQU;;;;000 ;2949;5 DESPESAS OPERACIONAL;04/26
6;1;   429;01;748;  710;     88761;TRANSFERENCIA;     76,20;;07/04/2026;01/04/2026;CONCILIADO;wramos  
5;1;   430;01;5409;MANUTENCAO E CONSERVACAO DE VEICULOS;CONSERTO CAMINHAO;05998495000103 ;SO AR COM SERV PECAS P/ AUTOS; ;ITATIBA;SP; ;               ;           ;PECAS                         ;;5.02.01.01.0017;2.01.01.10.0017;        1; ;        390,00;        390,00;        390,00;          0,00;          0,00;        390,00;07/04/2026;wramos  ;01/04/2026;01/04/2026;01/04/2026;          ;01/04/2026;MTZ;LIQU;;;;000 ;1949;5 DESPESAS OPERACIONAL;04/26
6;1;   430;01;748;  710;     88761;TRANSFERENCIA;    390,00;;07/04/2026;01/04/2026;CONCILIADO;wramos  
5;1;   431;01;5466;PRO-LABORE;PRO LABORE;00035987892899 ;BRUNO DA SILVA OLIVEIRA; ;INDAIATUBA;SP; ;               ;           ;COMERCIAL                     ;;;;        9; ;      6.000,00;      6.000,00;      6.000,00;          0,00;          0,00;      6.000,00;07/04/2026;wramos  ;06/04/2026;01/04/2026;01/04/2026;          ;01/04/2026;MTZ;LIQU;;;;000 ;0000;4 DESPESAS ADM;03/26
6;1;   431;01;748;  710;     88761;TRANSFERENCIA;  6.000,00;;07/04/2026;01/04/2026;CONCILIADO;wramos  
5;1;   432;01;5216;SALARIOS;VIAGEM TRANSBORDO DA CARRETA;00020323493882 ;RODRIGO PASSIONI; ;ITATIBA;SP; ;               ;           ;CARRETEIRO                    ;;5.02.03.01.0013;2.01.01.15.0010;        1; ;        235,00;        235,00;        235,00;          0,00;          0,00;        235,00;07/04/2026;wramos  ;01/04/2026;01/04/2026;01/04/2026;          ;01/04/2026;MTZ;LIQU;;;;000 ;1949;15 OBRIGACOES TRABALHISTAS;04/26
6;1;   432;01;748;  710;     88761;TRANSFERENCIA;    235,00;;07/04/2026;01/04/2026;CONCILIADO;wramos  
5;1;   433;01;5203;ALIMENTACAO;ALIMENTACAO BRUNO E RODRIGO;28130099000165 ;RECK E RECK LTDA ME; ;ITATIBA;SP; ;               ;           ;RESTAURANTE                   ;;5.02.03.01.0065;2.01.01.10.0017;        1; ;         67,00;         67,00;         67,00;          0,00;          0,00;         67,00;07/04/2026;wramos  ;01/04/2026;01/04/2026;01/04/2026;          ;01/04/2026;MTZ;LIQU;;;;000 ;1949;15 OBRIGACOES TRABALHISTAS;04/26
6;1;   433;01;748;  710;     88761;TRANSFERENCIA;     67,00;;07/04/2026;01/04/2026;CONCILIADO;wramos  
5;1;   434;01;5210;ACERTO CONTA FORNECEDOR;PAGAMENTOS SERVICOS PRESTADOS EM MARCO;50677123000130 ;50.677.123 MARIA CLARA GOMES F;50677123000130 ;INDAIATUBA;SP; ;               ;           ;DIGITACAO DE DOCUMENTOS       ;;2.01.01.30.0020;2.01.01.10.0017;        9; ;      4.600,00;      4.600,00;      4.600,00;          0,00;          0,00;      4.600,00;07/04/2026;wramos  ;05/04/2026;01/04/2026;02/04/2026;          ;01/04/2026;MTZ;LIQU;;;;000 ;1949;4 DESPESAS ADM;03/26
6;1;   434;01;748;  710;     88761;TRANSFERENCIA;  4.600,00;;07/04/2026;02/04/2026;CONCILIADO;wramos  
5;1;   435;01;5502;SEGURO DE CARGAS;SEGURO DE CARGAS;61383493000180 ;SOMPO SEGUROS S.A.; ;SAO PAULO;SP; ;               ;           ;SEGUROS NAO-VIDA              ;;5.06.01.01.0010;2.01.01.10.0020;      963; ;      1.073,80;      1.073,80;      1.073,80;          0,00;          0,00;      1.073,80;07/04/2026;wramos  ;05/04/2026;20/03/2026;02/04/2026;          ;20/03/2026;MTZ;LIQU;;;;000 ;1949;5 DESPESAS OPERACIONAL;03/26
6;1;   435;01;748;  710;     88761;TRANSFERENCIA;  1.073,80;;07/04/2026;02/04/2026;CONCILIADO;wramos  
5;1;   436;01;5502;SEGURO DE CARGAS;SEGURO DE CARGA;61383493000180 ;SOMPO SEGUROS S.A.; ;SAO PAULO;SP; ;               ;           ;SEGUROS NAO-VIDA              ;;5.06.01.01.0010;2.01.01.10.0020;     6987; ;      1.073,80;      1.073,80;      1.073,80;          0,00;          0,00;      1.073,80;07/04/2026;wramos  ;05/04/2026;20/03/2026;02/04/2026;          ;20/03/2026;MTZ;LIQU;;;;000 ;1949;5 DESPESAS OPERACIONAL;03/26
6;1;   436;01;748;  710;     88761;TRANSFERENCIA;  1.073,80;;07/04/2026;02/04/2026;CONCILIADO;wramos  
5;1;   437;01;5806;SISTEMA;SSW;01446320000132 ;SSW SISTEMAS LTDA; ;CURITIBA;PR; ;               ;           ;MANUTENCAO DE SISTEMA         ;;;;       98; ;      1.621,00;      1.621,00;      1.621,00;          0,00;          0,00;      1.621,00;07/04/2026;wramos  ;15/04/2026;20/03/2026;02/04/2026;          ;20/03/2026;MTZ;LIQU;;;;000 ;0000;4 DESPESAS ADM;03/26
6;1;   437;01;748;  710;     88761;TRANSFERENCIA;  1.621,00;;07/04/2026;02/04/2026;CONCILIADO;wramos  
5;1;   438;01;5203;ALIMENTACAO;ALIMENTACAO BRUNO;26062161000101 ;CALOPSYTA LJ CONV EIRELI; ;ITATIBA;SP; ;               ;           ;RESTAURANTE                   ;;5.02.03.01.0065;2.01.01.10.0017;        1; ;         58,00;         58,00;         58,00;          0,00;          0,00;         58,00;07/04/2026;wramos  ;07/04/2026;07/04/2026;07/04/2026;          ;07/04/2026;MTZ;LIQU;;;;000 ;1949;15 OBRIGACOES TRABALHISTAS;04/26
6;1;   438;01;748;  710;     88761;TRANSFERENCIA;     58,00;;07/04/2026;07/04/2026;CONCILIADO;wramos  
5;1;   439;01;5203;ALIMENTACAO;CAFE BRUNO;15555894000153 ;FRANCISCO A DE QUEIROZ FERNAND; ;ITATIBA;SP; ;               ;           ;ALIMENTACAO                   ;;5.02.03.01.0065;2.01.01.10.0017;    54584; ;         16,00;         16,00;         16,00;          0,00;          0,00;         16,00;07/04/2026;wramos  ;07/04/2026;07/04/2026;07/04/2026;          ;07/04/2026;MTZ;LIQU;;;;000 ;1949;15 OBRIGACOES TRABALHISTAS;04/26
6;1;   439;01;748;  710;     88761;TRANSFERENCIA;     16,00;;07/04/2026;07/04/2026;CONCILIADO;wramos  
5;1;   440;01;5466;PRO-LABORE;PRO ABORE;00032071194845 ;WELLINGTON TEIXEIRA RAMOS; ;APARECIDA;SP; ;               ;           ;REEMBOLSO                     ;;;;   878485; ;      6.000,00;      6.000,00;      6.000,00;          0,00;          0,00;      6.000,00;07/04/2026;wramos  ;06/04/2026;06/04/2026;06/04/2026;          ;06/04/2026;MTZ;LIQU;;;;000 ;0000;4 DESPESAS ADM;03/26
6;1;   440;01;748;  710;     88761;TRANSFERENCIA;  6.000,00;;07/04/2026;06/04/2026;CONCILIADO;wramos  
5;1;   441;01;5246;VALE REFEICAO;VALE REFEICAO;00020323493882 ;RODRIGO PASSIONI; ;ITATIBA;SP; ;               ;           ;CARRETEIRO                    ;;5.02.03.01.0066;2.01.01.10.0020;        2; ;        595,00;        595,00;        595,00;          0,00;          0,00;        595,00;14/04/2026;wramos  ;08/04/2026;08/04/2026;08/04/2026;          ;08/04/2026;MTZ;LIQU;;;;000 ;1949;15 OBRIGACOES TRABALHISTAS;04/26
6;1;   441;01;748;  710;     88761;TRANSFERENCIA;    595,00;;14/04/2026;08/04/2026;CONCILIADO;wramos  
5;1;   442;01;5803;PUBLICIDADE E PROPAGANDA;FATURA SICREDI PACOTE SERASA;01181521000155 ;BANCO COOPERATIVO SICREDI SA; ;PORTO ALEGRE;RS; ;               ;           ;BANCO COOPERATIVO             ;;;;      125; ;         52,40;         52,40;         52,40;          0,00;          0,00;         52,40;14/04/2026;wramos  ;08/04/2026;08/04/2026;08/04/2026;          ;08/04/2026;MTZ;LIQU;;;;000 ;0000;4 DESPESAS ADM;03/26
6;1;   442;01;748;  710;     88761;TRANSFERENCIA;     52,40;;14/04/2026;08/04/2026;CONCILIADO;wramos  
5;1;   443;01;5501;INDENIZACAO DE MERCADORIAS;INDENIZACAO AVARIAS NFS 67711,67120,67654,67442,65928,63389 E 67151;01855226000137 ;SOLAR INOVE INDUSTRIAL LTDA; ;TUBARAO;SC; ;               ;           ;FERROS                        ;;5.03.04.01.0020;2.01.01.10.0020;     1943; ;     10.875,64;     10.875,64;     10.875,64;          0,00;          0,00;     10.875,64;14/04/2026;mclara  ;07/05/2026;07/04/2026;07/05/2026;          ;07/04/2026;MTZ;LIQU;;;;00190000090134115155144131428177114390001087564 ;2949;5 DESPESAS OPERACIONAL;04/26
6;1;   443;01;748;  710;     88761;TRANSFERENCIA; 10.875,64;;05/05/2026;05/05/2026;CONCILIADO;wramos  
5;1;   444;01;5202;COMISSAO DE VENDEDORES;COMISSAO MAURICIO;09452472000150 ;TATONELLA ADMINISTRACAO EIRELI; ;INDAIATUBA;SP;BANCO DO BRASIL S.A. 1 / 2222-5 / 12345678-9;               ;           ;SERVIC DE OPERACAO E FORNECIME;;5.05.02.01.0010;2.01.01.10.0017;   898745; ;     12.543,73;     12.543,73;     12.543,73;          0,00;          0,00;     12.543,73;14/04/2026;wramos  ;10/04/2026;01/04/2026;08/04/2026;          ;01/04/2026;MTZ;LIQU;;;;000 ;1949;4 DESPESAS ADM;03/26
6;1;   444;01;748;  710;     88761;TRANSFERENCIA; 12.543,73;;14/04/2026;08/04/2026;CONCILIADO;wramos  
5;1;   445;01;5244;MATERIAL DE ESCRITORIO;COMPRA DE UNIFORME;46254029000109 ;TIAGO RIBEIRO ANDRADE - ME; ;ITATIBA;SP; ;               ;           ;UNIFORMESS                    ;;5.03.01.01.0023;2.01.01.10.0017;        1; ;        102,50;        102,50;        102,50;          0,00;          0,00;        102,50;14/04/2026;wramos  ;09/04/2026;09/04/2026;09/04/2026;          ;09/04/2026;MTZ;LIQU;;;;000 ;1556;4 DESPESAS ADM;04/26
6;1;   445;01;748;  710;     88761;TRANSFERENCIA;    102,50;;14/04/2026;09/04/2026;CONCILIADO;wramos  
5;1;   446;01;5245;DESPACHANTE;VINCULACAO PLACA EPU8A73;00038477549800 ;DIONNYS WESLEY; ;SANTO ANDRE;SP; ;               ;           ;PRESTADOR                     ;;5.06.01.01.0035;2.01.01.10.0017;   125455; ;        540,00;        540,00;        540,00;          0,00;          0,00;        540,00;14/04/2026;wramos  ;09/04/2026;09/04/2026;09/04/2026;          ;09/04/2026;MTZ;LIQU;;;;000 ;1949;4 DESPESAS ADM;04/26
6;1;   446;01;748;  710;     88761;TRANSFERENCIA;    540,00;;14/04/2026;09/04/2026;CONCILIADO;wramos  
5;1;   447;01;5803;PUBLICIDADE E PROPAGANDA;FATURA NUBANK COMPRA DE EQUIPAMENTOS;18236120000158 ;NU PAGAMENTOS S.A. - INSTITUIC; ;SANTANA DO LIVRAMENTO;RS; ;               ;           ;BANCO DIGITAL                 ;;;;   125545; ;        544,05;        544,05;        544,05;          0,00;          0,00;        544,05;14/04/2026;wramos  ;15/04/2026;01/04/2026;10/04/2026;          ;01/04/2026;MTZ;LIQU;;;;000 ;0000;4 DESPESAS ADM;03/26
6;1;   447;01;748;  710;     88761;TRANSFERENCIA;    544,05;;14/04/2026;10/04/2026;CONCILIADO;wramos  
5;1;   448;01;5996;ALUGUEL DE EQUIPAMENTOS;PAGAMENTO MAURICIO VEICULO PLACA EPU8A73;09452472000150 ;TATONELLA ADMINISTRACAO EIRELI; ;INDAIATUBA;SP;BANCO DO BRASIL S.A. 1 / 2222-5 / 12345678-9;               ;           ;SERVIC DE OPERACAO E FORNECIME;;;;   125542; ;    110.000,00;    110.000,00;     11.000,00;          0,00;          0,00;     11.000,00;14/04/2026;wramos  ;10/04/2026;01/04/2026;10/04/2026;          ;01/04/2026;MTZ;LIQU;;;;000 ;0000;4 DESPESAS ADM;04/26
6;1;   448;01;748;  710;     88761;TRANSFERENCIA; 11.000,00;;14/04/2026;10/04/2026;CONCILIADO;wramos  
5;1;   448;02;5996;ALUGUEL DE EQUIPAMENTOS;PAGAMENTO MAURICIO VEICULO PLACA EPU8A73;09452472000150 ;TATONELLA ADMINISTRACAO EIRELI; ;INDAIATUBA;SP;BANCO DO BRASIL S.A. 1 / 2222-5 / 12345678-9;               ;           ;SERVIC DE OPERACAO E FORNECIME;;;;   125542; ;    110.000,00;    110.000,00;     11.000,00;          0,00;          0,00;     11.000,00;14/04/2026;wramos  ;10/05/2026;01/04/2026;11/05/2026;          ;01/04/2026;MTZ;LIQU;;;;000 ;0000;4 DESPESAS ADM;05/26
6;1;   448;02;748;  710;     88761;TRANSFERENCIA; 11.000,00;;05/05/2026;05/05/2026;CONCILIADO;wramos  
5;1;   448;03;5996;ALUGUEL DE EQUIPAMENTOS;PAGAMENTO MAURICIO VEICULO PLACA EPU8A73;09452472000150 ;TATONELLA ADMINISTRACAO EIRELI; ;INDAIATUBA;SP;BANCO DO BRASIL S.A. 1 / 2222-5 / 12345678-9;               ;           ;SERVIC DE OPERACAO E FORNECIME;;;;   125542; ;    110.000,00;    110.000,00;     11.000,00;          0,00;          0,00;     11.000,00;14/04/2026;wramos  ;10/06/2026;01/04/2026;10/06/2026;          ;01/04/2026;MTZ;LIQU;;;;000 ;0000;4 DESPESAS ADM;06/26
6;1;   448;03;748;  710;     88761;TRANSFERENCIA; 11.000,00;;05/06/2026;05/06/2026;CONCILIADO;wramos  
5;1;   448;04;5996;ALUGUEL DE EQUIPAMENTOS;PAGAMENTO MAURICIO VEICULO PLACA EPU8A73;09452472000150 ;TATONELLA ADMINISTRACAO EIRELI; ;INDAIATUBA;SP;BANCO DO BRASIL S.A. 1 / 2222-5 / 12345678-9;               ;           ;SERVIC DE OPERACAO E FORNECIME;;;;   125542; ;    110.000,00;    110.000,00;     11.000,00;          0,00;          0,00;     11.000,00;14/04/2026;wramos  ;10/07/2026;01/04/2026;10/07/2026;          ;01/04/2026;MTZ;LIQU;;;;000 ;0000;4 DESPESAS ADM;07/26
6;1;   448;04;748;  710;     88761;TRANSFERENCIA; 11.000,00;;17/07/2026;10/07/2026;CONCILIADO;wramos  
5;1;   449;01;5317;TARIFA BANCARIA;TARIFA MANUTENCAO DE CONTA;01181521000155 ;BANCO COOPERATIVO SICREDI SA; ;PORTO ALEGRE;RS; ;               ;           ;BANCO COOPERATIVO             ;;5.09.01.01.0020;2.01.01.10.0020;    85458; ;         31,98;         31,98;         31,98;          0,00;          0,00;         31,98;14/04/2026;wramos  ;10/04/2026;10/04/2026;10/04/2026;          ;10/04/2026;MTZ;LIQU;;;;000 ;2949;99 OUTROS;04/26
6;1;   449;01;748;  710;     88761;TRANSFERENCIA;     31,98;;14/04/2026;10/04/2026;CONCILIADO;wramos  
5;1;   450;01;5317;TARIFA BANCARIA;TARIFA DE BOLETO;01181521000155 ;BANCO COOPERATIVO SICREDI SA; ;PORTO ALEGRE;RS; ;               ;           ;BANCO COOPERATIVO             ;;5.09.01.01.0020;2.01.01.10.0020;  8548548; ;          3,00;          3,00;          3,00;          0,00;          0,00;          3,00;14/04/2026;wramos  ;10/04/2026;10/04/2026;10/04/2026;          ;10/04/2026;MTZ;LIQU;;;;000 ;2949;99 OUTROS;04/26
6;1;   450;01;748;  710;     88761;TRANSFERENCIA;      3,00;;14/04/2026;10/04/2026;CONCILIADO;wramos  
5;1;   451;01;5409;MANUTENCAO E CONSERVACAO DE VEICULOS;HIGIENIZACAO CAVALO;00024884249860 ;ALEXANDRE MONTEIRO DE SOUZA; ;INDAIATUBA;SP; ;               ;           ;LAVA RAPIDO                   ;;5.02.01.01.0017;2.01.01.10.0017;        1; ;        900,00;        900,00;        900,00;          0,00;          0,00;        900,00;14/04/2026;wramos  ;11/04/2026;11/04/2026;13/04/2026;          ;11/04/2026;MTZ;LIQU;;;;000 ;1949;5 DESPESAS OPERACIONAL;04/26
6;1;   451;01;748;  710;     88761;TRANSFERENCIA;    900,00;;14/04/2026;13/04/2026;CONCILIADO;wramos  
5;1;   452;01;5806;SISTEMA;AQUISICAO DOMINIO BWT LOGISTICA;33967103000184 ;DEMERGE BRASIL FACILITADORA DE; ;SAO PAULO;SP; ;               ;           ;SERVICOS                      ;;;;        1; ;         63,93;         63,93;         63,93;          0,00;          0,00;         63,93;14/04/2026;wramos  ;10/04/2026;10/04/2026;10/04/2026;          ;10/04/2026;MTZ;LIQU;;;;000 ;0000;4 DESPESAS ADM;04/26
6;1;   452;01;748;  710;     88761;TRANSFERENCIA;     63,93;;14/04/2026;10/04/2026;CONCILIADO;wramos  
5;1;   453;01;5403;PEDAGIOS;PEDAGIO;55008868000120 ;BWT LOGISTICA TRANSPORTES E LO; ;SAO JOSE DOS CAMPOS;SP;SICREDI 748 / 0710- / 88761-8;55008868000120 ;BWT LOGISTI;ALUGUEL DE EQUIPAMENTO        ;;5.02.02.01.0013;2.01.01.10.0020;        8; ;         82,90;         82,90;         82,90;          0,00;          0,00;         82,90;14/04/2026;wramos  ;13/04/2026;13/04/2026;13/04/2026;          ;13/04/2026;MTZ;LIQU;;;;000 ;1949;5 DESPESAS OPERACIONAL;04/26
6;1;   453;01;748;  710;     88761;TRANSFERENCIA;     82,90;;14/04/2026;13/04/2026;CONCILIADO;wramos  
5;1;   454;01;5900;SEGUROS;SEGURO VIDA FUNCIONARIO;61573796000166 ;ALLIANZ  SEGUROS  S.A; ;SAO PAULO;SP; ;               ;           ;SEGUROS                       ;;;;     1548; ;        653,52;        653,52;         54,46;          0,00;          0,00;         54,46;14/04/2026;wramos  ;13/04/2026;13/04/2026;13/04/2026;          ;13/04/2026;MTZ;LIQU;;;;000 ;0000;4 DESPESAS ADM;04/26
6;1;   454;01;748;  710;     88761;TRANSFERENCIA;     54,46;;14/04/2026;13/04/2026;CONCILIADO;wramos  
5;1;   454;02;5900;SEGUROS;SEGURO VIDA FUNCIONARIO;61573796000166 ;ALLIANZ  SEGUROS  S.A; ;SAO PAULO;SP; ;               ;           ;SEGUROS                       ;;;;     1548; ;        653,52;        653,52;         54,46;          0,00;          0,00;         54,46;14/04/2026;wramos  ;13/05/2026;13/04/2026;13/05/2026;          ;13/04/2026;MTZ;LIQU;;;;000 ;0000;4 DESPESAS ADM;05/26
6;1;   454;02;748;  710;     88761;TRANSFERENCIA;     54,46;;16/05/2026;18/05/2026;CONCILIADO;wramos  
5;1;   454;03;5900;SEGUROS;SEGURO VIDA FUNCIONARIO;61573796000166 ;ALLIANZ  SEGUROS  S.A; ;SAO PAULO;SP; ;               ;           ;SEGUROS                       ;;;;     1548; ;        653,52;        653,52;         54,46;          0,00;          0,00;         54,46;14/04/2026;wramos  ;13/06/2026;13/04/2026;15/06/2026;          ;13/04/2026;MTZ;LIQU;;;;000 ;0000;4 DESPESAS ADM;06/26
6;1;   454;03;748;  710;     88761;TRANSFERENCIA;     54,46;;08/06/2026;08/06/2026;CONCILIADO;wramos  
5;1;   455;01;5409;MANUTENCAO E CONSERVACAO DE VEICULOS;PAGAMENTO RETIRADA DE PNEUS CARRETA APQ5I99;00037675080874 ;JULIANO APARECIDO MOREIRA; ;TAUBATE;SP; ;               ;           ;BORRACHARIA                   ;;5.02.01.01.0017;2.01.01.10.0017;     2145; ;        520,00;        520,00;        520,00;          0,00;          0,00;        520,00;14/04/2026;wramos  ;13/04/2026;13/04/2026;13/04/2026;          ;13/04/2026;MTZ;LIQU;;;;000 ;1949;5 DESPESAS OPERACIONAL;04/26
6;1;   455;01;748;  710;     88761;TRANSFERENCIA;    520,00;;14/04/2026;13/04/2026;CONCILIADO;wramos  
5;1;   456;01;5403;PEDAGIOS;PEDAGIOS;55008868000120 ;BWT LOGISTICA TRANSPORTES E LO; ;SAO JOSE DOS CAMPOS;SP;SICREDI 748 / 0710- / 88761-8;55008868000120 ;BWT LOGISTI;ALUGUEL DE EQUIPAMENTO        ;;5.02.02.01.0013;2.01.01.10.0020;    85458; ;         35,10;         35,10;         35,10;          0,00;          0,00;         35,10;14/04/2026;wramos  ;14/04/2026;14/04/2026;14/04/2026;          ;14/04/2026;MTZ;LIQU;;;;000 ;1949;5 DESPESAS OPERACIONAL;04/26
6;1;   456;01;748;  710;     88761;TRANSFERENCIA;     35,10;;14/04/2026;14/04/2026;CONCILIADO;wramos  
5;1;   457;01;5409;MANUTENCAO E CONSERVACAO DE VEICULOS;MANUTENCAO PARTE ELETRICA CARRETA APQ5I99;04386360000124 ;TACOMAQ INSTRUMENTOS DE PRECIS; ;TAUBATE;SP; ;               ;           ;MANUTENCAO E CONSERVACAO DE VE;;5.02.01.01.0017;2.01.01.10.0017;        1; ;        530,50;        530,50;        530,50;          0,00;          0,00;        530,50;14/04/2026;wramos  ;14/04/2026;14/04/2026;14/04/2026;          ;14/04/2026;MTZ;LIQU;;;;000 ;1949;5 DESPESAS OPERACIONAL;04/26
6;1;   457;01;748;  710;     88761;TRANSFERENCIA;    530,50;;14/04/2026;14/04/2026;CONCILIADO;wramos  
5;1;   458;01;5409;MANUTENCAO E CONSERVACAO DE VEICULOS;TROCA DE PLACA CARRETA APQ5I99;00008121549833 ;ALMIR CUSTODIO CAMARGO; ;TAUBATE;SP; ;               ;           ;DESPACHANTE                   ;;5.02.01.01.0017;2.01.01.10.0017;        1; ;        180,00;        180,00;        180,00;          0,00;          0,00;        180,00;14/04/2026;wramos  ;14/04/2026;14/04/2026;14/04/2026;          ;14/04/2026;MTZ;LIQU;;;;000 ;1949;5 DESPESAS OPERACIONAL;04/26
6;1;   458;01;748;  710;     88761;TRANSFERENCIA;    180,00;;14/04/2026;14/04/2026;CONCILIADO;wramos  
5;1;   459;01;5409;MANUTENCAO E CONSERVACAO DE VEICULOS;MANUTENCAO DE FREIOS CARRETA APQ5I99;54537392000151 ;C DE O GOMES MECANICA LTDA; ;CACAPAVA;SP; ;               ;           ;OFICINA                       ;;5.02.01.01.0017;2.01.01.10.0017;    12521; ;      1.845,00;      1.845,00;      1.845,00;          0,00;          0,00;      1.845,00;14/04/2026;wramos  ;14/04/2026;14/04/2026;14/04/2026;          ;14/04/2026;MTZ;LIQU;;;;000 ;1949;5 DESPESAS OPERACIONAL;04/26
6;1;   459;01;748;  710;     88761;TRANSFERENCIA;  1.845,00;;14/04/2026;14/04/2026;CONCILIADO;wramos  
5;1;   460;01;5409;MANUTENCAO E CONSERVACAO DE VEICULOS;MOLEJO CARRETA KDF1A92;00029153661877 ;CINARA DE SOUZA MENDES; ;SANTA BARBARA D OESTE;SP; ;               ;           ;MOLAS                         ;;5.02.01.01.0017;2.01.01.10.0017;        1; ;      1.680,00;      1.680,00;      1.680,00;          0,00;          0,00;      1.680,00;14/04/2026;wramos  ;14/04/2026;14/04/2026;14/04/2026;          ;14/04/2026;MTZ;LIQU;;;;000 ;1949;5 DESPESAS OPERACIONAL;04/26
6;1;   460;01;748;  710;     88761;TRANSFERENCIA;  1.680,00;;14/04/2026;14/04/2026;CONCILIADO;wramos  
5;1;   461;01;5108;ICMS;ICMS DEVIDO;46379400000150 ;SECRETARIA DA FAZDO EST DE SAO; ;SAO PAULO;SP; ;               ;           ;SECRETARIA DA FAZDO EST DE SAO;;2.01.01.25.0010;2.01.01.25.0023;   521255; ;     40.731,65;     40.731,65;     40.731,65;          0,00;          0,00;     40.731,65;15/04/2026;wramos  ;27/04/2026;10/04/2026;15/04/2026;          ;10/04/2026;MTZ;LIQU;;;;000 ;1949;1 IMPOSTOS;03/26
6;1;   461;01;748;  710;     88761;TRANSFERENCIA; 40.731,65;;15/04/2026;15/04/2026;CONCILIADO;wramos  
5;1;   462;01;5210;ACERTO CONTA FORNECEDOR;FATURA E4LOG 1A  QUINZENA DE ABRIL;27773153000128 ;E4LOG SOLUCOES LOGISTICAS LTDA; ;ITATIBA;SP;BANCO ITAU S.A. 341 / 7446- / 22350-0;               ;           ;TRANSPORTADORA                ;;2.01.01.30.0020;2.01.01.10.0017;   320885; ;    119.187,05;    119.187,05;    119.187,05;          0,00;          0,00;    119.187,05;20/04/2026;mclara  ;16/05/2026;15/04/2026;18/05/2026;          ;15/04/2026;MTZ;LIQU;;;;000 ;1949;4 DESPESAS ADM;04/26
6;1;   462;01;748;  710;     88761;TRANSFERENCIA;119.187,05;;16/05/2026;15/05/2026;CONCILIADO;wramos  
5;1;   463;01;5403;PEDAGIOS;PEDAGIO LOUVEIRA;10647979000148 ;CONCESSIONARIA ROTA DAS BANDEI; ;ACOPIARA;CE; ;               ;           ;PEDAGIOS                      ;;5.02.02.01.0013;2.01.01.10.0020;     1252; ;         35,10;         35,10;         35,10;          0,00;          0,00;         35,10;20/04/2026;wramos  ;15/04/2026;15/04/2026;15/04/2026;          ;15/04/2026;MTZ;LIQU;;;;000 ;2949;5 DESPESAS OPERACIONAL;04/26
6;1;   463;01;748;  710;     88761;TRANSFERENCIA;     35,10;;20/04/2026;15/04/2026;CONCILIADO;wramos  
5;1;   464;01;5317;TARIFA BANCARIA;TARIFA DE CAPITAL SOCIAL;01181521000155 ;BANCO COOPERATIVO SICREDI SA; ;PORTO ALEGRE;RS; ;               ;           ;BANCO COOPERATIVO             ;;5.09.01.01.0020;2.01.01.10.0020;    98987; ;        100,00;        100,00;        100,00;          0,00;          0,00;        100,00;20/04/2026;wramos  ;15/04/2026;15/04/2026;15/04/2026;          ;15/04/2026;MTZ;LIQU;;;;000 ;2949;99 OUTROS;03/26
6;1;   464;01;748;  710;     88761;TRANSFERENCIA;    100,00;;20/04/2026;15/04/2026;CONCILIADO;wramos  
5;1;   465;01;5409;MANUTENCAO E CONSERVACAO DE VEICULOS;CONSERTO AR CONDICIONADO;38476417000106 ;JOSE JEFERSON DE SOUSA SANTANA; ;ITATIBA;SP; ;               ;           ;AR-CONDICIONADO               ;;5.02.01.01.0017;2.01.01.10.0017;      120; ;      3.050,00;      3.050,00;      3.050,00;          0,00;          0,00;      3.050,00;20/04/2026;wramos  ;15/04/2026;15/04/2026;15/04/2026;          ;15/04/2026;MTZ;LIQU;;;;000 ;1949;5 DESPESAS OPERACIONAL;04/26
6;1;   465;01;748;  710;     88761;TRANSFERENCIA;  3.050,00;;20/04/2026;15/04/2026;CONCILIADO;wramos  
5;1;   466;01;5409;MANUTENCAO E CONSERVACAO DE VEICULOS;MANUTENCAO BEXIGAO CARRETA APQ;23008334000107 ;FERREIRA DIESEL PECAS PARA CAM; ;CACAPAVA;SP; ;               ;           ;;;5.02.01.01.0017;2.01.01.10.0017;     1251; ;        890,00;        890,00;        890,00;          0,00;          0,00;        890,00;20/04/2026;wramos  ;15/04/2026;15/04/2026;15/04/2026;          ;15/04/2026;MTZ;LIQU;;;;000 ;1949;5 DESPESAS OPERACIONAL;04/26
6;1;   466;01;748;  710;     88761;TRANSFERENCIA;    890,00;;20/04/2026;15/04/2026;CONCILIADO;wramos  
5;1;   467;01;5317;TARIFA BANCARIA;TARIFA DE BOLETO;01181521000155 ;BANCO COOPERATIVO SICREDI SA; ;PORTO ALEGRE;RS; ;               ;           ;BANCO COOPERATIVO             ;;5.09.01.01.0020;2.01.01.10.0020;   854588; ;          3,00;          3,00;          3,00;          0,00;          0,00;          3,00;20/04/2026;wramos  ;15/04/2026;15/04/2026;15/04/2026;          ;15/04/2026;MTZ;LIQU;;;;000 ;2949;99 OUTROS;04/26
6;1;   467;01;748;  710;     88761;TRANSFERENCIA;      3,00;;20/04/2026;15/04/2026;CONCILIADO;wramos  
5;1;   468;01;5403;PEDAGIOS;PEDAGIO;10678505000163 ;CONCESSIONARIA ROD DO TIETE S.; ;SALTO;SP; ;               ;           ;PEDAGIO                       ;;5.02.02.01.0013;2.01.01.10.0020;       12; ;         35,10;         35,10;         35,10;          0,00;          0,00;         35,10;20/04/2026;wramos  ;16/04/2026;16/04/2026;16/04/2026;          ;16/04/2026;MTZ;LIQU;;;;000 ;1949;5 DESPESAS OPERACIONAL;04/26
6;1;   468;01;748;  710;     88761;TRANSFERENCIA;     35,10;;20/04/2026;16/04/2026;CONCILIADO;wramos  
5;1;   469;01;5403;PEDAGIOS;PEDAGIOS;10678505000163 ;CONCESSIONARIA ROD DO TIETE S.; ;SALTO;SP; ;               ;           ;PEDAGIO                       ;;5.02.02.01.0013;2.01.01.10.0020;     5485; ;         78,00;         78,00;         78,00;          0,00;          0,00;         78,00;20/04/2026;wramos  ;17/04/2026;17/04/2026;17/04/2026;          ;17/04/2026;MTZ;LIQU;;;;000 ;1949;5 DESPESAS OPERACIONAL;04/26
6;1;   469;01;748;  710;     88761;TRANSFERENCIA;     78,00;;20/04/2026;17/04/2026;CONCILIADO;wramos  
5;1;   470;01;5103;FRETE COLETA/ENTREGA DE VEICULOS TERCEIROS;PAGAMENTO TERCEIRO ENTREGA SOLFACIL;00003590154926 ;JOSE ALESSANDRO DA SILVA; ;SALTO;SP; ;               ;           ;TERCEIRO                      ;;5.02.02.01.0020;2.01.01.30.0013;      121; ;      3.000,00;      3.000,00;      3.000,00;          0,00;          0,00;      3.000,00;20/04/2026;wramos  ;17/04/2026;17/04/2026;17/04/2026;          ;17/04/2026;MTZ;LIQU;;;;000 ;1351;14 SERVICOS TERCEIROS;04/26
6;1;   470;01;748;  710;     88761;TRANSFERENCIA;  3.000,00;;20/04/2026;17/04/2026;CONCILIADO;wramos  
5;1;   471;01;5306;TELEFONIA E COMUNICACAO DE DADOS;PAGAMENTO CELULAR MES 03 E 04;00031681541807 ;CARLA FERNANDA SANFINS; ;SAO PAULO;SP; ;               ;           ;COMERCIAL                     ;;5.03.01.01.0015;2.01.01.10.0020;       83; ;        170,00;        170,00;        170,00;          0,00;          0,00;        170,00;20/04/2026;wramos  ;17/04/2026;17/04/2026;17/04/2026;          ;17/04/2026;MTZ;LIQU;;;;000 ;1304;4 DESPESAS ADM;03/26
6;1;   471;01;748;  710;     88761;TRANSFERENCIA;    170,00;;20/04/2026;17/04/2026;CONCILIADO;wramos  
5;1;   472;01;5416;INSS;DARF INSS;00394460005887 ;MINISTERIO ECONOMIA RECEITA FE; ;BRASILIA;DF; ;               ;           ;IMPOSTOS                      ;;2.01.01.20.0017;2.01.01.25.0023;    12556; ;        502,51;        502,51;        502,51;          0,00;          0,00;        502,51;20/04/2026;wramos  ;20/04/2026;17/04/2026;20/04/2026;          ;17/04/2026;MTZ;LIQU;;;;000 ;2949;1 IMPOSTOS;03/26
6;1;   472;01;748;  710;     88761;TRANSFERENCIA;    502,51;;20/04/2026;17/04/2026;CONCILIADO;wramos  
5;1;   473;01;5405;MANUTENCAO DE MAQUINAS E EQUIPAMENTOS;REVISAO ELETRICA CARRETA APQ;23008334000107 ;FERREIRA DIESEL PECAS PARA CAM; ;CACAPAVA;SP; ;               ;           ;;;5.02.01.01.0017;2.01.01.10.0017;  1258778; ;        745,51;        745,51;        745,51;          0,00;          0,00;        745,51;20/04/2026;wramos  ;17/04/2026;17/04/2026;17/04/2026;          ;17/04/2026;MTZ;LIQU;;;;000 ;1949;5 DESPESAS OPERACIONAL;04/26
6;1;   473;01;748;  710;     88761;TRANSFERENCIA;    745,51;;20/04/2026;17/04/2026;CONCILIADO;wramos  
5;1;   474;01;5403;PEDAGIOS;PEDAGIOS;10678505000163 ;CONCESSIONARIA ROD DO TIETE S.; ;SALTO;SP; ;               ;           ;PEDAGIO                       ;;5.02.02.01.0013;2.01.01.10.0020;     1252; ;         35,10;         35,10;         35,10;          0,00;          0,00;         35,10;20/04/2026;wramos  ;20/04/2026;20/04/2026;20/04/2026;          ;20/04/2026;MTZ;LIQU;;;;000 ;1949;5 DESPESAS OPERACIONAL;04/26
6;1;   474;01;748;  710;     88761;TRANSFERENCIA;     35,10;;20/04/2026;20/04/2026;CONCILIADO;wramos  
5;1;   475;01;5466;PRO-LABORE;PRO LABORE;00032071194845 ;WELLINGTON TEIXEIRA RAMOS; ;APARECIDA;SP; ;               ;           ;REEMBOLSO                     ;;;;        8; ;      6.000,00;      6.000,00;      6.000,00;          0,00;          0,00;      6.000,00;20/04/2026;wramos  ;20/04/2026;20/04/2026;20/04/2026;          ;20/04/2026;MTZ;LIQU;;;;000 ;0000;4 DESPESAS ADM;03/26
6;1;   475;01;748;  710;     88761;TRANSFERENCIA;  6.000,00;;20/04/2026;20/04/2026;CONCILIADO;wramos  
5;1;   476;01;5466;PRO-LABORE;PRO LABORE BRUNO;00035987892899 ;BRUNO DA SILVA OLIVEIRA; ;INDAIATUBA;SP; ;               ;           ;COMERCIAL                     ;;;;     2154; ;      3.772,00;      3.772,00;      3.772,00;          0,00;          0,00;      3.772,00;20/04/2026;wramos  ;20/04/2026;20/04/2026;20/04/2026;          ;20/04/2026;MTZ;LIQU;;;;000 ;0000;4 DESPESAS ADM;03/26
6;1;   476;01;748;  710;     88761;TRANSFERENCIA;  3.772,00;;20/04/2026;20/04/2026;CONCILIADO;wramos  
5;1;   477;01;5213;ADIANTAMENTO SALARIOS;ADIANTAMENTO SALARIO;00020323493882 ;RODRIGO PASSIONI; ;ITATIBA;SP; ;               ;           ;CARRETEIRO                    ;;5.02.03.01.0013;2.01.01.15.0010;     1244; ;      1.520,00;      1.520,00;      1.520,00;          0,00;          0,00;      1.520,00;20/04/2026;wramos  ;20/04/2026;20/04/2026;20/04/2026;          ;20/04/2026;MTZ;LIQU;;;;000 ;1949;15 OBRIGACOES TRABALHISTAS;04/26
6;1;   477;01;748;  710;     88761;TRANSFERENCIA;  1.520,00;;20/04/2026;20/04/2026;CONCILIADO;wramos  
5;1;   478;01;5210;ACERTO CONTA FORNECEDOR;EMPRESTIMO BWT PALETES A REEMBOLSAR;62702150000102 ;BWT COMERCIO DE PALETES LTDA; ;CATANDUVA;SP; ;               ;           ;FABRICACAO DE PALETES         ;;2.01.01.30.0020;2.01.01.10.0017;    15214; ;      3.000,00;      3.000,00;      3.000,00;          0,00;          0,00;      3.000,00;20/04/2026;wramos  ;20/04/2026;20/04/2026;20/04/2026;          ;20/04/2026;MTZ;LIQU;;;;000 ;1949;4 DESPESAS ADM;04/26
6;1;   478;01;748;  710;     88761;TRANSFERENCIA;  3.000,00;;20/04/2026;20/04/2026;CONCILIADO;wramos  
5;1;   479;01;5256;COFINS;COFINS;00394460005887 ;MINISTERIO ECONOMIA RECEITA FE; ;BRASILIA;DF; ;               ;           ;IMPOSTOS                      ;;2.01.01.25.0042;2.01.01.25.0023;   128888; ;     12.728,70;     12.728,70;     12.728,70;          0,00;          0,00;     12.728,70;20/04/2026;wramos  ;24/04/2026;10/04/2026;20/04/2026;          ;10/04/2026;MTZ;LIQU;;;;000 ;2949;1 IMPOSTOS;03/26
6;1;   479;01;748;  710;     88761;TRANSFERENCIA; 12.728,70;;20/04/2026;20/04/2026;CONCILIADO;wramos  
5;1;   480;01;5115;PIS;PIS;00394460005887 ;MINISTERIO ECONOMIA RECEITA FE; ;BRASILIA;DF; ;               ;           ;IMPOSTOS                      ;;2.01.01.25.0041;2.01.01.25.0023;    21524; ;      2.757,89;      2.757,89;      2.757,89;          0,00;          0,00;      2.757,89;20/04/2026;wramos  ;20/04/2026;10/04/2026;20/04/2026;          ;10/04/2026;MTZ;LIQU;;;;000 ;2949;1 IMPOSTOS;03/26
6;1;   480;01;748;  710;     88761;TRANSFERENCIA;  2.757,89;;20/04/2026;20/04/2026;CONCILIADO;wramos  
5;1;   481;01;5257;CSLL;CSLL TRIMESTRAL;00394460005887 ;MINISTERIO ECONOMIA RECEITA FE; ;BRASILIA;DF; ;               ;           ;IMPOSTOS                      ;;2.01.01.20.0030;2.01.01.25.0023;  8799696; ;     10.273,93;     10.273,93;     10.273,93;          0,00;          0,00;     10.273,93;20/04/2026;wramos  ;30/04/2026;20/04/2026;20/04/2026;          ;20/04/2026;MTZ;LIQU;;;;000 ;2949;1 IMPOSTOS;03/26
6;1;   481;01;748;  710;     88761;TRANSFERENCIA; 10.273,93;;20/04/2026;20/04/2026;CONCILIADO;wramos  
5;1;   482;01;5118;IR;IRPJ TRIMESTRAL;00394460005887 ;MINISTERIO ECONOMIA RECEITA FE; ;BRASILIA;DF; ;               ;           ;IMPOSTOS                      ;;2.01.01.25.0015;2.01.01.25.0023;        1; ;     13.025,80;     13.025,80;     13.025,80;          0,00;          0,00;     13.025,80;20/04/2026;wramos  ;30/04/2026;10/04/2026;20/04/2026;          ;10/04/2026;MTZ;LIQU;;;;000 ;2949;1 IMPOSTOS;03/26
6;1;   482;01;748;  710;     88761;TRANSFERENCIA; 13.025,80;;20/04/2026;20/04/2026;CONCILIADO;wramos  
5;1;   483;01;5409;MANUTENCAO E CONSERVACAO DE VEICULOS;CONSERTO PERFIL E REMENDO CARRETA KDF;00043445281823 ;MATHEUS OLIVEIRA SILVA; ;ITATIBA;SP; ;               ;           ;OFICINA CARRETA               ;;5.02.01.01.0017;2.01.01.10.0017;        1; ;        530,00;        530,00;        530,00;          0,00;          0,00;        530,00;25/04/2026;wramos  ;20/04/2026;20/04/2026;20/04/2026;          ;20/04/2026;MTZ;LIQU;;;;000 ;1949;5 DESPESAS OPERACIONAL;04/26
6;1;   483;01;748;  710;     88761;TRANSFERENCIA;    530,00;;25/04/2026;20/04/2026;CONCILIADO;wramos  
5;1;   484;01;5409;MANUTENCAO E CONSERVACAO DE VEICULOS;TROCA DE PNEUS CARRETA APQ TAUBATE;39778123000193 ;SAGUI PNEUS E ACESSORIOS LTDA; ;TAUBATE;SP; ;               ;           ;BORRACHARIA                   ;;5.02.01.01.0017;2.01.01.10.0017;     1254; ;      1.120,00;      1.120,00;      1.120,00;          0,00;          0,00;      1.120,00;25/04/2026;wramos  ;27/04/2026;25/04/2026;27/04/2026;          ;25/04/2026;MTZ;LIQU;;;;000 ;1949;5 DESPESAS OPERACIONAL;04/26
6;1;   484;01;748;  710;     88761;TRANSFERENCIA;  1.120,00;;16/05/2026;27/04/2026;CONCILIADO;wramos  
5;1;   485;01;5403;PEDAGIOS;PEDAGIO;10647979000148 ;CONCESSIONARIA ROTA DAS BANDEI; ;ACOPIARA;CE; ;               ;           ;PEDAGIOS                      ;;5.02.02.01.0013;2.01.01.10.0020;     1254; ;         70,20;         70,20;         70,20;          0,00;          0,00;         70,20;25/04/2026;wramos  ;22/04/2026;22/04/2026;22/04/2026;          ;22/04/2026;MTZ;LIQU;;;;000 ;2949;5 DESPESAS OPERACIONAL;04/26
6;1;   485;01;748;  710;     88761;TRANSFERENCIA;     70,20;;25/04/2026;22/04/2026;CONCILIADO;wramos  
5;1;   486;01;5301;ALUGUEL DO IMOVEL;COOWORKING SJC;17813642000102 ;TILIT ESCRITORIO EMPRESARIAL L; ;SAO JOSE DOS CAMPOS;SP; ;               ;           ;COOWKING                      ;;5.02.02.01.0035;2.01.01.10.0020;   854558; ;        264,35;        264,35;        264,35;          0,00;          0,00;        264,35;25/04/2026;wramos  ;22/04/2026;22/04/2026;22/04/2026;          ;22/04/2026;MTZ;LIQU;;;;000 ;1949;4 DESPESAS ADM;03/26
6;1;   486;01;748;  710;     88761;TRANSFERENCIA;    264,35;;25/04/2026;22/04/2026;CONCILIADO;wramos  
5;1;   487;01;1555;CONTABILIDADE;MENSALIDADE CONTABILIDADE;24824630000149 ;MASTER CONTABIL CATANDUVA LTDA; ;CATANDUVA;SP; ;               ;           ;CONTABILIDADE                 ;;;;      854; ;      1.078,84;      1.078,84;      1.078,84;          0,00;          0,00;      1.078,84;25/04/2026;wramos  ;20/04/2026;10/04/2026;22/04/2026;          ;10/04/2026;MTZ;LIQU;;;;000 ;0000;4 DESPESAS ADM;03/26
6;1;   487;01;748;  710;     88761;TRANSFERENCIA;  1.078,84;;25/04/2026;22/04/2026;CONCILIADO;wramos  
5;1;   488;01;5803;PUBLICIDADE E PROPAGANDA;HOSPEDAGEM SITE;36726535000191 ;GRUPO THX DESENVOLVIMENTO WEB; ;ARUJA;SP; ;               ;           ;DESENVOLVIMENTO WEB           ;;;;    25474; ;         55,00;         55,00;         55,00;          0,00;          0,00;         55,00;25/04/2026;wramos  ;23/04/2026;23/04/2026;23/04/2026;          ;23/04/2026;MTZ;LIQU;;;;000 ;0000;4 DESPESAS ADM;04/26
6;1;   488;01;748;  710;     88761;TRANSFERENCIA;     55,00;;25/04/2026;23/04/2026;CONCILIADO;wramos  
5;1;   489;01;5403;PEDAGIOS;PEDAGIO;10647979000148 ;CONCESSIONARIA ROTA DAS BANDEI; ;ACOPIARA;CE; ;               ;           ;PEDAGIOS                      ;;5.02.02.01.0013;2.01.01.10.0020;   879545; ;         39,00;         39,00;         39,00;          0,00;          0,00;         39,00;25/04/2026;wramos  ;23/04/2026;23/04/2026;23/04/2026;          ;23/04/2026;MTZ;CANC;;;;000 ;2949;5 DESPESAS OPERACIONAL;04/26
5;1;   490;01;5407;COMBUSTIVEIS E LUBRIFICANTES;ABASTECIMENTO;13177207000188 ;CENTAURUS PARK CENTRO AUTOMOTI; ;ITATIBA;SP; ;               ;           ;;;5.02.01.01.0010;2.01.01.10.0017;    78452; ;        500,00;        500,00;        500,00;          0,00;          0,00;        500,00;25/04/2026;wramos  ;23/04/2026;23/04/2026;23/04/2026;          ;23/04/2026;MTZ;LIQU;;;;000 ;1653;5 DESPESAS OPERACIONAL;04/26
6;1;   490;01;748;  710;     88761;TRANSFERENCIA;    500,00;;25/04/2026;23/04/2026;CONCILIADO;wramos  
5;1;   491;01;5409;MANUTENCAO E CONSERVACAO DE VEICULOS;AUTO ELETRICA TROCA DE RELE;34718216000109 ;LUCAS FERNANDES DE SOUZA SANTO; ;ITATIBA;SP; ;               ;           ;AUTO PECAS                    ;;5.02.01.01.0017;2.01.01.10.0017;     8545; ;         40,00;         40,00;         40,00;          0,00;          0,00;         40,00;25/04/2026;wramos  ;23/04/2026;23/04/2026;23/04/2026;          ;23/04/2026;MTZ;LIQU;;;;000 ;1949;5 DESPESAS OPERACIONAL;04/26
6;1;   491;01;748;  710;     88761;TRANSFERENCIA;     40,00;;25/04/2026;23/04/2026;CONCILIADO;wramos  
5;1;   492;01;5314;GERENCIAMENTO DE RISCO;GERENCIAMENTO DE RISCO;27162201000141 ;TS CONTROL; ;SAO JOSE DO RIO PRETO;SP; ;               ;           ;SEGURANCA                     ;;5.02.02.01.0037;2.01.01.10.0017;    87445; ;        127,50;        127,50;        127,50;          0,00;          0,00;        127,50;25/04/2026;wramos  ;23/04/2026;23/04/2026;23/04/2026;          ;23/04/2026;MTZ;LIQU;;;;000 ;1949;5 DESPESAS OPERACIONAL;04/26
6;1;   492;01;748;  710;     88761;TRANSFERENCIA;    127,50;;25/04/2026;23/04/2026;CONCILIADO;wramos  
5;1;   493;01;5403;PEDAGIOS;PEDAGIO;10647979000148 ;CONCESSIONARIA ROTA DAS BANDEI; ;ACOPIARA;CE; ;               ;           ;PEDAGIOS                      ;;5.02.02.01.0013;2.01.01.10.0020;   845854; ;         35,10;         35,10;         35,10;          0,00;          0,00;         35,10;25/04/2026;wramos  ;24/04/2026;24/04/2026;24/04/2026;          ;24/04/2026;MTZ;LIQU;;;;000 ;2949;5 DESPESAS OPERACIONAL;04/26
6;1;   493;01;748;  710;     88761;TRANSFERENCIA;     35,10;;25/04/2026;24/04/2026;CONCILIADO;wramos  
5;1;   494;01;5501;INDENIZACAO DE MERCADORIAS;AVARIAS SOLFACIL;01855226000137 ;SOLAR INOVE INDUSTRIAL LTDA; ;TUBARAO;SC; ;               ;           ;FERROS                        ;;5.03.04.01.0020;2.01.01.10.0020;    25252; ;      4.536,64;      4.536,64;      4.536,64;          0,00;          0,00;      4.536,64;25/04/2026;wramos  ;24/04/2026;24/04/2026;24/04/2026;          ;24/04/2026;MTZ;CANC;;;;000 ;2949;5 DESPESAS OPERACIONAL;04/26
5;1;   495;01;5407;COMBUSTIVEIS E LUBRIFICANTES;313 - ARLA 32 OLEO DIESEL S10;13177207000188 ;CENTAURUS PARK CENTRO AUTOMOTI; ;ITATIBA;SP; ;               ;           ;;;5.02.01.01.0010;2.01.01.10.0017;     3434;35260413177207000188550020000034341122005797 ;      2.109,30;      2.109,30;      2.109,30;          0,00;          0,00;      2.109,30;25/04/2026;wramos  ;24/04/2026;24/04/2026;24/04/2026;          ;24/04/2026;MTZ;LIQU;;;;000 ;1949;5 DESPESAS OPERACIONAL;04/26
6;1;   495;01;748;  710;     88761;TRANSFERENCIA;  2.109,30;;25/04/2026;24/04/2026;CONCILIADO;wramos  
5;1;   496;01;5803;PUBLICIDADE E PROPAGANDA;PATROCINIO;00033485262803 ;ANDERSON DE ARAUJO DODO; ;TREMEMBE;SP; ;               ;           ;X                             ;;;;   854555; ;        150,00;        150,00;        150,00;          0,00;          0,00;        150,00;25/04/2026;wramos  ;24/04/2026;24/04/2026;24/04/2026;          ;24/04/2026;MTZ;LIQU;;;;000 ;0000;4 DESPESAS ADM;04/26
6;1;   496;01;748;  710;     88761;TRANSFERENCIA;    150,00;;25/04/2026;24/04/2026;CONCILIADO;wramos  
5;1;   497;01;5405;MANUTENCAO DE MAQUINAS E EQUIPAMENTOS;MANUTENCAO DOS DOIS NOTEBOOK MAIS COMPRA DE CARREGADOR;17812791000157 ;NEXT INFORMATICA MANUTENCAO E ; ;REDENCAO DA SERRA;SP; ;               ;           ;MANUTENCAO DE COMPUTADORES    ;;5.02.01.01.0017;2.01.01.10.0017;        1; ;        750,00;        750,00;        750,00;          0,00;          0,00;        750,00;25/04/2026;wramos  ;24/04/2026;24/04/2026;24/04/2026;          ;24/04/2026;MTZ;LIQU;;;;000 ;1949;5 DESPESAS OPERACIONAL;04/26
6;1;   497;01;748;  710;     88761;TRANSFERENCIA;    750,00;;25/04/2026;24/04/2026;CONCILIADO;wramos  
5;1;   498;01;5403;PEDAGIOS;PEDAGIO;04143037000120 ;AUTO POSTO BROTAS LTDA; ;ITATIBA;SP; ;               ;           ;;;5.02.02.01.0013;2.01.01.10.0020;    85458; ;         35,10;         35,10;         35,10;          0,00;          0,00;         35,10;04/05/2026;wramos  ;22/04/2026;22/04/2026;22/04/2026;          ;22/04/2026;FRT;LIQU;;;;000 ;1949;5 DESPESAS OPERACIONAL;04/26
6;1;   498;01;748;  710;     88761;TRANSFERENCIA;     35,10;;04/05/2026;22/04/2026;CONCILIADO;wramos  
5;1;   499;01;5403;PEDAGIOS;PEDAGIO;10647979000148 ;CONCESSIONARIA ROTA DAS BANDEI; ;ACOPIARA;CE; ;               ;           ;PEDAGIOS                      ;;5.02.02.01.0013;2.01.01.10.0020;   854857; ;         39,00;         39,00;         39,00;          0,00;          0,00;         39,00;04/05/2026;wramos  ;23/04/2026;23/04/2026;23/04/2026;          ;23/04/2026;FRT;LIQU;;;;000 ;2949;5 DESPESAS OPERACIONAL;04/26
6;1;   499;01;748;  710;     88761;TRANSFERENCIA;     39,00;;04/05/2026;23/04/2026;CONCILIADO;wramos  
5;1;   500;01;5100;CARGA E DESCARGA C/ TERCEIROS;PAGAMENTO BRUNO FRETE SOLFACIL;00035987892899 ;BRUNO DA SILVA OLIVEIRA; ;INDAIATUBA;SP; ;               ;           ;COMERCIAL                     ;;5.02.02.01.0025;2.01.01.10.0017;    52158; ;        500,00;        500,00;        500,00;          0,00;          0,00;        500,00;04/05/2026;wramos  ;24/04/2026;24/04/2026;24/04/2026;          ;24/04/2026;MTZ;LIQU;;;;000 ;1949;14 SERVICOS TERCEIROS;04/26
6;1;   500;01;748;  710;     88761;TRANSFERENCIA;    500,00;;04/05/2026;24/04/2026;CONCILIADO;wramos  
5;1;   501;01;5403;PEDAGIOS;PEDAGIO;10678505000163 ;CONCESSIONARIA ROD DO TIETE S.; ;SALTO;SP; ;               ;           ;PEDAGIO                       ;;5.02.02.01.0013;2.01.01.10.0020;    25854; ;         35,10;         35,10;         35,10;          0,00;          0,00;         35,10;04/05/2026;wramos  ;27/04/2026;27/04/2026;27/04/2026;          ;27/04/2026;FRT;LIQU;;;;000 ;1949;5 DESPESAS OPERACIONAL;04/26
6;1;   501;01;748;  710;     88761;TRANSFERENCIA;     35,10;;04/05/2026;27/04/2026;CONCILIADO;wramos  
5;1;   502;01;5403;PEDAGIOS;PEDAGIO BRUNO;00035987892899 ;BRUNO DA SILVA OLIVEIRA; ;INDAIATUBA;SP; ;               ;           ;COMERCIAL                     ;;5.02.02.01.0013;2.01.01.10.0020;    25152; ;         36,70;         36,70;         36,70;          0,00;          0,00;         36,70;04/05/2026;wramos  ;27/04/2026;27/04/2026;27/04/2026;          ;27/04/2026;MTZ;LIQU;;;;000 ;1949;5 DESPESAS OPERACIONAL;04/26
6;1;   502;01;748;  710;     88761;TRANSFERENCIA;     36,70;;04/05/2026;27/04/2026;CONCILIADO;wramos  
5;1;   503;01;5210;ACERTO CONTA FORNECEDOR;PAGAMENTO ANTECIPADO FATURA DE CARTAO NUBANK;18236120000158 ;NU PAGAMENTOS S.A. - INSTITUIC; ;SANTANA DO LIVRAMENTO;RS; ;               ;           ;BANCO DIGITAL                 ;;2.01.01.30.0020;2.01.01.10.0017;   245854; ;        814,90;        814,90;        814,90;          0,00;          0,00;        814,90;04/05/2026;wramos  ;15/05/2026;27/04/2026;27/04/2026;          ;27/04/2026;MTZ;LIQU;;;;000 ;2949;4 DESPESAS ADM;04/26
6;1;   503;01;748;  710;     88761;TRANSFERENCIA;    814,90;;04/05/2026;27/04/2026;CONCILIADO;wramos  
5;1;   504;01;5203;ALIMENTACAO;COMPRA DEBITO BRUNO;00035987892899 ;BRUNO DA SILVA OLIVEIRA; ;INDAIATUBA;SP; ;               ;           ;COMERCIAL                     ;;5.02.03.01.0065;2.01.01.10.0017;      125; ;        109,00;        109,00;        109,00;          0,00;          0,00;        109,00;04/05/2026;wramos  ;27/04/2026;27/04/2026;27/04/2026;          ;27/04/2026;MTZ;LIQU;;;;000 ;1949;15 OBRIGACOES TRABALHISTAS;04/26
6;1;   504;01;748;  710;     88761;TRANSFERENCIA;    109,00;;16/05/2026;28/04/2026;CONCILIADO;wramos  
5;1;   505;01;5210;ACERTO CONTA FORNECEDOR;COMPRA DEBITO BRUNO;00035987892899 ;BRUNO DA SILVA OLIVEIRA; ;INDAIATUBA;SP; ;               ;           ;COMERCIAL                     ;;2.01.01.30.0020;2.01.01.10.0017;    85458; ;         50,00;         50,00;         50,00;          0,00;          0,00;         50,00;04/05/2026;wramos  ;28/04/2026;28/04/2026;28/04/2026;          ;28/04/2026;MTZ;LIQU;;;;000 ;1949;4 DESPESAS ADM;04/26
6;1;   505;01;748;  710;     88761;TRANSFERENCIA;     50,00;;04/05/2026;28/04/2026;CONCILIADO;wramos  
5;1;   506;01;5210;ACERTO CONTA FORNECEDOR;GASTO CARTAO DEBITO BRUNO;00035987892899 ;BRUNO DA SILVA OLIVEIRA; ;INDAIATUBA;SP; ;               ;           ;COMERCIAL                     ;;2.01.01.30.0020;2.01.01.10.0017;    21524; ;         20,50;         20,50;         20,50;          0,00;          0,00;         20,50;04/05/2026;wramos  ;28/04/2026;28/04/2026;28/04/2026;          ;28/04/2026;MTZ;LIQU;;;;000 ;1949;4 DESPESAS ADM;04/26
6;1;   506;01;748;  710;     88761;TRANSFERENCIA;     20,50;;04/05/2026;28/04/2026;CONCILIADO;wramos  
5;1;   507;01;5403;PEDAGIOS;PEDAGIO;10678505000163 ;CONCESSIONARIA ROD DO TIETE S.; ;SALTO;SP; ;               ;           ;PEDAGIO                       ;;5.02.02.01.0013;2.01.01.10.0020; 88966474; ;         74,10;         74,10;         74,10;          0,00;          0,00;         74,10;04/05/2026;wramos  ;28/04/2026;28/04/2026;28/04/2026;          ;28/04/2026;FRT;LIQU;;;;000 ;1949;5 DESPESAS OPERACIONAL;04/26
6;1;   507;01;748;  710;     88761;TRANSFERENCIA;     74,10;;04/05/2026;28/04/2026;CONCILIADO;wramos  
5;1;   508;01;5403;PEDAGIOS;GASTO BRUNO;00035987892899 ;BRUNO DA SILVA OLIVEIRA; ;INDAIATUBA;SP; ;               ;           ;COMERCIAL                     ;;5.02.02.01.0013;2.01.01.10.0020;    85458; ;          6,10;          6,10;          6,10;          0,00;          0,00;          6,10;04/05/2026;wramos  ;28/04/2026;28/04/2026;28/04/2026;          ;28/04/2026;FRT;CANC;;;;000 ;1949;5 DESPESAS OPERACIONAL;04/26
5;1;   509;01;5803;PUBLICIDADE E PROPAGANDA;RIFA;00033485262803 ;ANDERSON DE ARAUJO DODO; ;TREMEMBE;SP; ;               ;           ;X                             ;;;;     1521; ;        200,00;        200,00;        200,00;          0,00;          0,00;        200,00;04/05/2026;wramos  ;28/04/2026;28/04/2026;28/04/2026;          ;28/04/2026;FRT;CANC;;;;000 ;0000;4 DESPESAS ADM;04/26
5;1;   510;01;5403;PEDAGIOS;GASTO BRUNO PEDAGIO;00035987892899 ;BRUNO DA SILVA OLIVEIRA; ;INDAIATUBA;SP; ;               ;           ;COMERCIAL                     ;;5.02.02.01.0013;2.01.01.10.0020;    12521; ;          6,10;          6,10;          6,10;          0,00;          0,00;          6,10;04/05/2026;wramos  ;28/04/2026;28/04/2026;28/04/2026;          ;28/04/2026;MTZ;LIQU;;;;000 ;1949;5 DESPESAS OPERACIONAL;04/26
6;1;   510;01;748;  710;     88761;TRANSFERENCIA;      6,10;;04/05/2026;28/04/2026;CONCILIADO;wramos  
5;1;   511;01;5803;PUBLICIDADE E PROPAGANDA;COMPRA DE RIFA;00033485262803 ;ANDERSON DE ARAUJO DODO; ;TREMEMBE;SP; ;               ;           ;X                             ;;;;     5425; ;        200,00;        200,00;        200,00;          0,00;          0,00;        200,00;04/05/2026;wramos  ;28/04/2026;28/04/2026;28/04/2026;          ;28/04/2026;MTZ;LIQU;;;;000 ;0000;4 DESPESAS ADM;04/26
6;1;   511;01;748;  710;     88761;TRANSFERENCIA;    200,00;;04/05/2026;28/04/2026;CONCILIADO;wramos  
5;1;   512;01;5409;MANUTENCAO E CONSERVACAO DE VEICULOS;ALAVANCA CAMBIO ;58534382000113 ;FAT MECANICA DIESEL LTDA; ;ITATIBA;SP; ;               ;           ;;;5.02.01.01.0017;2.01.01.10.0017;    85458; ;        120,00;        120,00;        120,00;          0,00;          0,00;        120,00;04/05/2026;wramos  ;28/04/2026;28/04/2026;28/04/2026;          ;28/04/2026;FRT;LIQU;;;;000 ;1949;5 DESPESAS OPERACIONAL;04/26
6;1;   512;01;748;  710;     88761;TRANSFERENCIA;    120,00;;04/05/2026;28/04/2026;CONCILIADO;wramos  
5;1;   513;01;5403;PEDAGIOS;PEDAGIOS;10678505000163 ;CONCESSIONARIA ROD DO TIETE S.; ;SALTO;SP; ;               ;           ;PEDAGIO                       ;;5.02.02.01.0013;2.01.01.10.0020;  1252212; ;         85,10;         85,10;         85,10;          0,00;          0,00;         85,10;04/05/2026;wramos  ;29/04/2026;29/04/2026;29/04/2026;          ;29/04/2026;FRT;LIQU;;;;000 ;1949;5 DESPESAS OPERACIONAL;04/26
6;1;   513;01;748;  710;     88761;TRANSFERENCIA;     85,10;;04/05/2026;29/04/2026;CONCILIADO;wramos  
5;1;   514;01;5203;ALIMENTACAO;ALMOCO FRANGO ASSADO VISITA COMERCIAL;09060964000108 ;PIMENTA VERDE ALIMENTOS LTDA; ;SAO PAULO;SP; ;               ;           ;ALIMENTACAO                   ;;5.02.03.01.0065;2.01.01.10.0017;       12; ;        178,90;        178,90;        178,90;          0,00;          0,00;        178,90;04/05/2026;wramos  ;29/04/2026;29/04/2026;29/04/2026;          ;29/04/2026;MTZ;LIQU;;;;000 ;1949;15 OBRIGACOES TRABALHISTAS;04/26
6;1;   514;01;748;  710;     88761;TRANSFERENCIA;    178,90;;04/05/2026;29/04/2026;CONCILIADO;wramos  
5;1;   515;01;5407;COMBUSTIVEIS E LUBRIFICANTES;ABASTECIMENTO WELLINGTON VIAGEM ITATIBA;47508411000156 ;PAO DE ACUCAR -COMPAHIA BRASIL; ;SAO PAULO;SP; ;               ;           ;GPA                           ;;5.02.01.01.0010;2.01.01.10.0017;      215; ;        216,81;        216,81;        216,81;          0,00;          0,00;        216,81;04/05/2026;wramos  ;29/04/2026;29/04/2026;29/04/2026;          ;29/04/2026;MTZ;LIQU;;;;000 ;1653;5 DESPESAS OPERACIONAL;04/26
6;1;   515;01;748;  710;     88761;TRANSFERENCIA;    216,81;;04/05/2026;29/04/2026;CONCILIADO;wramos  
5;1;   516;01;5403;PEDAGIOS;GASTO PEDAGIO BRUNO;00035987892899 ;BRUNO DA SILVA OLIVEIRA; ;INDAIATUBA;SP; ;               ;           ;COMERCIAL                     ;;5.02.02.01.0013;2.01.01.10.0020;     1251; ;         30,60;         30,60;         30,60;          0,00;          0,00;         30,60;04/05/2026;wramos  ;04/05/2026;04/05/2026;04/05/2026;          ;04/05/2026;MTZ;LIQU;;;;000 ;1949;5 DESPESAS OPERACIONAL;05/26
6;1;   516;01;748;  710;     88761;TRANSFERENCIA;     30,60;;04/05/2026;04/05/2026;CONCILIADO;wramos  
5;1;   517;01;5403;PEDAGIOS;PEDAGIO;10678505000163 ;CONCESSIONARIA ROD DO TIETE S.; ;SALTO;SP; ;               ;           ;PEDAGIO                       ;;5.02.02.01.0013;2.01.01.10.0020;    24555; ;         35,10;         35,10;         35,10;          0,00;          0,00;         35,10;04/05/2026;wramos  ;04/05/2026;04/05/2026;04/05/2026;          ;04/05/2026;FRT;LIQU;;;;000 ;1949;5 DESPESAS OPERACIONAL;05/26
6;1;   517;01;748;  710;     88761;TRANSFERENCIA;     35,10;;04/05/2026;04/05/2026;CONCILIADO;wramos  
5;1;   518;01;5246;VALE REFEICAO;VALE REFEICAO MAIO;00020323493882 ;RODRIGO PASSIONI; ;ITATIBA;SP; ;               ;           ;CARRETEIRO                    ;;5.02.03.01.0066;2.01.01.10.0020;   215215; ;        805,00;        805,00;        805,00;          0,00;          0,00;        805,00;04/05/2026;wramos  ;04/05/2026;04/05/2026;04/05/2026;          ;04/05/2026;FRT;LIQU;;;;000 ;1949;15 OBRIGACOES TRABALHISTAS;05/26
6;1;   518;01;748;  710;     88761;TRANSFERENCIA;    805,00;;04/05/2026;04/05/2026;CONCILIADO;wramos  
5;1;   519;01;5402;SEGURO DE VEICULOS;SEGURO CAMINHAO;24051760000196 ;PRIME GESTAO - UNIVERSO AGV; ;BELO HORIZONTE;MG; ;               ;           ;SINISTRO: (81) 3093-7878      ;;5.06.01.01.0013;2.01.01.10.0020;     1252; ;      1.068,99;      1.068,99;      1.068,99;          0,00;          0,00;      1.068,99;04/05/2026;wramos  ;02/05/2026;25/04/2026;04/05/2026;          ;25/04/2026;FRT;LIQU;;;;000 ;2949;5 DESPESAS OPERACIONAL;05/26
6;1;   519;01;748;  710;     88761;TRANSFERENCIA;  1.068,99;;04/05/2026;04/05/2026;CONCILIADO;wramos  
5;1;   520;01;5502;SEGURO DE CARGAS;SEGURO DE CARGA;61383493000180 ;SOMPO SEGUROS S.A.; ;SAO PAULO;SP; ;               ;           ;SEGUROS NAO-VIDA              ;;5.06.01.01.0010;2.01.01.10.0020;    52125; ;      1.214,38;      1.214,38;      1.214,38;          0,00;          0,00;      1.214,38;05/05/2026;wramos  ;05/05/2026;20/04/2026;05/05/2026;          ;20/04/2026;MTZ;LIQU;;;;000 ;1949;5 DESPESAS OPERACIONAL;04/26
6;1;   520;01;748;  710;     88761;TRANSFERENCIA;  1.214,38;;05/05/2026;05/05/2026;CONCILIADO;wramos  
5;1;   521;01;5502;SEGURO DE CARGAS;SEGURO DE CARGA;61383493000180 ;SOMPO SEGUROS S.A.; ;SAO PAULO;SP; ;               ;           ;SEGUROS NAO-VIDA              ;;5.06.01.01.0010;2.01.01.10.0020;  2252456; ;      1.214,38;      1.214,38;      1.214,38;          0,00;          0,00;      1.214,38;05/05/2026;wramos  ;05/05/2026;20/04/2026;05/05/2026;          ;20/04/2026;MTZ;LIQU;;;;000 ;1949;5 DESPESAS OPERACIONAL;04/26
6;1;   521;01;748;  710;     88761;TRANSFERENCIA;  1.214,38;;05/05/2026;05/05/2026;CONCILIADO;wramos  
5;1;   522;01;5210;ACERTO CONTA FORNECEDOR;PAGAMENTO SERVICOS PRESTADOS ABRIL 26;50677123000130 ;50.677.123 MARIA CLARA GOMES F;50677123000130 ;INDAIATUBA;SP; ;               ;           ;DIGITACAO DE DOCUMENTOS       ;;2.01.01.30.0020;2.01.01.10.0017;   856656; ;      4.600,00;      4.600,00;      4.600,00;          0,00;          0,00;      4.600,00;05/05/2026;wramos  ;05/05/2026;01/05/2026;05/05/2026;          ;01/05/2026;MTZ;LIQU;;;;000 ;1949;4 DESPESAS ADM;04/26
6;1;   522;01;748;  710;     88761;TRANSFERENCIA;  4.600,00;;05/05/2026;05/05/2026;CONCILIADO;wramos  
5;1;   523;01;5466;PRO-LABORE;PRO LABORE BRUNO;00035987892899 ;BRUNO DA SILVA OLIVEIRA; ;INDAIATUBA;SP; ;               ;           ;COMERCIAL                     ;;;;    25455; ;      5.639,00;      5.639,00;      5.639,00;          0,00;          0,00;      5.639,00;05/05/2026;wramos  ;05/05/2026;01/05/2026;05/05/2026;          ;01/05/2026;MTZ;LIQU;;;;000 ;0000;4 DESPESAS ADM;04/26
6;1;   523;01;748;  710;     88761;TRANSFERENCIA;  5.639,00;;05/05/2026;05/05/2026;CONCILIADO;wramos  
5;1;   524;01;5466;PRO-LABORE;PRO LABORE;00032071194845 ;WELLINGTON TEIXEIRA RAMOS; ;APARECIDA;SP; ;               ;           ;REEMBOLSO                     ;;;;    12524; ;      6.000,00;      6.000,00;      6.000,00;          0,00;          0,00;      6.000,00;05/05/2026;wramos  ;05/05/2026;01/05/2026;05/05/2026;          ;01/05/2026;MTZ;LIQU;;;;000 ;0000;4 DESPESAS ADM;04/26
6;1;   524;01;748;  710;     88761;TRANSFERENCIA;  6.000,00;;05/05/2026;05/05/2026;CONCILIADO;wramos  
5;1;   525;01;5403;PEDAGIOS;PEDAGIO;10678505000163 ;CONCESSIONARIA ROD DO TIETE S.; ;SALTO;SP; ;               ;           ;PEDAGIO                       ;;5.02.02.01.0013;2.01.01.10.0020;     8548; ;         65,70;         65,70;         65,70;          0,00;          0,00;         65,70;06/05/2026;wramos  ;05/05/2026;05/05/2026;05/05/2026;          ;05/05/2026;MTZ;CANC;;;;000 ;1949;5 DESPESAS OPERACIONAL;05/26
5;1;   526;01;5403;PEDAGIOS;PEDAGIO;10678505000163 ;CONCESSIONARIA ROD DO TIETE S.; ;SALTO;SP; ;               ;           ;PEDAGIO                       ;;5.02.02.01.0013;2.01.01.10.0020;    85455; ;         65,70;         65,70;         65,70;          0,00;          0,00;         65,70;06/05/2026;wramos  ;05/05/2026;05/05/2026;05/05/2026;          ;05/05/2026;FRT;LIQU;;;;000 ;1949;5 DESPESAS OPERACIONAL;05/26
6;1;   526;01;748;  710;     88761;TRANSFERENCIA;     65,70;;06/05/2026;05/05/2026;CONCILIADO;wramos  
5;1;   527;01;5806;SISTEMA;CONSULTA SERASA;62173620000180 ;SERASA S.A.; ;SAO CARLOS;SP; ;               ;           ;SERASA                        ;;;;     8548; ;         64,99;         64,99;         64,99;          0,00;          0,00;         64,99;06/05/2026;wramos  ;05/05/2026;05/05/2026;05/05/2026;          ;05/05/2026;FRT;CANC;;;;000 ;0000;4 DESPESAS ADM;05/26
5;1;   528;01;5806;SISTEMA;CONSULTA SERASA;62173620000180 ;SERASA S.A.; ;SAO CARLOS;SP; ;               ;           ;SERASA                        ;;;;   225145; ;         64,99;         64,99;         64,99;          0,00;          0,00;         64,99;06/05/2026;wramos  ;05/05/2026;05/05/2026;05/05/2026;          ;05/05/2026;MTZ;LIQU;;;;000 ;0000;4 DESPESAS ADM;05/26
6;1;   528;01;748;  710;     88761;TRANSFERENCIA;     64,99;;06/05/2026;05/05/2026;CONCILIADO;wramos  
5;1;   529;01;5403;PEDAGIOS;PEDAGIO;10678505000163 ;CONCESSIONARIA ROD DO TIETE S.; ;SALTO;SP; ;               ;           ;PEDAGIO                       ;;5.02.02.01.0013;2.01.01.10.0020;   212542; ;         30,60;         30,60;         30,60;          0,00;          0,00;         30,60;06/05/2026;wramos  ;05/05/2026;05/05/2026;05/05/2026;          ;05/05/2026;FRT;LIQU;;;;000 ;1949;5 DESPESAS OPERACIONAL;05/26
6;1;   529;01;748;  710;     88761;TRANSFERENCIA;     30,60;;06/05/2026;05/05/2026;CONCILIADO;wramos  
5;1;   530;01;5403;PEDAGIOS;PEDAGIO;10678505000163 ;CONCESSIONARIA ROD DO TIETE S.; ;SALTO;SP; ;               ;           ;PEDAGIO                       ;;5.02.02.01.0013;2.01.01.10.0020;     1202; ;         35,10;         35,10;         35,10;          0,00;          0,00;         35,10;06/05/2026;wramos  ;06/05/2026;06/05/2026;06/05/2026;          ;06/05/2026;FRT;LIQU;;;;000 ;1949;5 DESPESAS OPERACIONAL;05/26
6;1;   530;01;748;  710;     88761;TRANSFERENCIA;     35,10;;06/05/2026;06/05/2026;CONCILIADO;wramos  
5;1;   531;01;5103;FRETE COLETA/ENTREGA DE VEICULOS TERCEIROS;PAGAMENTO COLETAS SOLFACIL 04/26;55008868000120 ;BWT LOGISTICA TRANSPORTES E LO; ;SAO JOSE DOS CAMPOS;SP;SICREDI 748 / 0710- / 88761-8;55008868000120 ;BWT LOGISTI;ALUGUEL DE EQUIPAMENTO        ;;5.02.02.01.0020;2.01.01.30.0013;    12521; ;     16.000,00;     16.000,00;     16.000,00;          0,00;          0,00;     16.000,00;06/05/2026;wramos  ;06/05/2026;06/05/2026;06/05/2026;          ;06/05/2026;MTZ;LIQU;;;;000 ;1351;14 SERVICOS TERCEIROS;04/26
6;1;   531;01;748;  710;     88761;TRANSFERENCIA; 16.000,00;;06/05/2026;06/05/2026;CONCILIADO;wramos  
5;1;   532;01;5407;COMBUSTIVEIS E LUBRIFICANTES;318 - ARLA 32 DIESEL S10;13177207000188 ;CENTAURUS PARK CENTRO AUTOMOTI; ;ITATIBA;SP; ;               ;           ;;;5.02.01.01.0010;2.01.01.10.0017;     3454;35260513177207000188550020000034541101935228 ;      2.104,48;      2.104,48;      2.104,48;          0,00;          0,00;      2.104,48;06/05/2026;wramos  ;06/05/2026;06/05/2026;06/05/2026;          ;06/05/2026;FRT;LIQU;;;;000 ;1949;5 DESPESAS OPERACIONAL;05/26
6;1;   532;01;133; 1818;     44075;TRANSFERENCIA;  2.104,48;;06/05/2026;06/05/2026;CONCILIADO;wramos  
5;1;   533;01;5210;ACERTO CONTA FORNECEDOR;FATURA E4LOG 2A  QUINZENA DE ABRIL 2026;27773153000128 ;E4LOG SOLUCOES LOGISTICAS LTDA; ;ITATIBA;SP;BANCO ITAU S.A. 341 / 7446- / 22350-0;               ;           ;TRANSPORTADORA                ;;2.01.01.30.0020;2.01.01.10.0017;   320916; ;    158.058,18;    158.058,18;    158.058,18;          0,00;          0,00;    158.058,18;06/05/2026;mclara  ;04/06/2026;04/05/2026;04/06/2026;          ;04/05/2026;MTZ;LIQU;;;;000 ;1949;4 DESPESAS ADM;05/26
6;1;   533;01;748;  710;     88761;TRANSFERENCIA;158.058,18;;01/06/2026;01/06/2026;CONCILIADO;wramos  
5;1;   534;01;5317;TARIFA BANCARIA;JUROS CHEQUE ESPECIAL;01181521000155 ;BANCO COOPERATIVO SICREDI SA; ;PORTO ALEGRE;RS; ;               ;           ;BANCO COOPERATIVO             ;;5.09.01.01.0020;2.01.01.10.0020;    52152; ;          0,03;          0,03;          0,03;          0,00;          0,00;          0,03;08/05/2026;wramos  ;05/05/2026;05/05/2026;05/05/2026;          ;05/05/2026;MTZ;LIQU;;;;000 ;2949;99 OUTROS;04/26
6;1;   534;01;748;  710;     88761;TRANSFERENCIA;      0,03;;08/05/2026;05/05/2026;CONCILIADO;wramos  
5;1;   535;01;5403;PEDAGIOS;PEDAGIO;10678505000163 ;CONCESSIONARIA ROD DO TIETE S.; ;SALTO;SP; ;               ;           ;PEDAGIO                       ;;5.02.02.01.0013;2.01.01.10.0020;    12520; ;        119,10;        119,10;        119,10;          0,00;          0,00;        119,10;08/05/2026;wramos  ;06/05/2026;06/05/2026;06/05/2026;          ;06/05/2026;FRT;LIQU;;;;000 ;1949;5 DESPESAS OPERACIONAL;05/26
6;1;   535;01;748;  710;     88761;TRANSFERENCIA;    119,10;;08/05/2026;06/05/2026;CONCILIADO;wramos  
5;1;   536;01;5403;PEDAGIOS;PEDAGIO;10678505000163 ;CONCESSIONARIA ROD DO TIETE S.; ;SALTO;SP; ;               ;           ;PEDAGIO                       ;;5.02.02.01.0013;2.01.01.10.0020;     8888; ;         35,10;         35,10;         35,10;          0,00;          0,00;         35,10;08/05/2026;wramos  ;07/05/2026;07/05/2026;07/05/2026;          ;07/05/2026;FRT;LIQU;;;;000 ;1949;5 DESPESAS OPERACIONAL;05/26
6;1;   536;01;748;  710;     88761;TRANSFERENCIA;     35,10;;08/05/2026;07/05/2026;CONCILIADO;wramos  
5;1;   537;01;5803;PUBLICIDADE E PROPAGANDA;ANUNCIO EMPILHADEIRA;06990590000123 ;GOOGLE BRASIL INTERNET LTDA; ;SAO PAULO;SP; ;               ;           ;PUBLICIDADE                   ;;;;     5425; ;        100,00;        100,00;        100,00;          0,00;          0,00;        100,00;08/05/2026;wramos  ;07/05/2026;07/05/2026;07/05/2026;          ;07/05/2026;FRT;CANC;;;;000 ;0000;4 DESPESAS ADM;05/26
5;1;   538;01;5803;PUBLICIDADE E PROPAGANDA;ANUNCIO EMPILHADEIRA;06990590000123 ;GOOGLE BRASIL INTERNET LTDA; ;SAO PAULO;SP; ;               ;           ;PUBLICIDADE                   ;;;;    21524; ;        100,00;        100,00;        100,00;          0,00;          0,00;        100,00;08/05/2026;wramos  ;07/05/2026;07/05/2026;07/05/2026;          ;07/05/2026;MTZ;LIQU;;;;000 ;0000;4 DESPESAS ADM;05/26
6;1;   538;01;748;  710;     88761;TRANSFERENCIA;    100,00;;08/05/2026;07/05/2026;CONCILIADO;wramos  
5;1;   539;01;5202;COMISSAO DE VENDEDORES;DESCONTO COMISSAO MAURICIO PGTO 123;09452472000150 ;TATONELLA ADMINISTRACAO EIRELI; ;INDAIATUBA;SP;BANCO DO BRASIL S.A. 1 / 2222-5 / 12345678-9;               ;           ;SERVIC DE OPERACAO E FORNECIME;;5.05.02.01.0010;2.01.01.10.0017;      252; ;      1.465,00;      1.465,00;      1.465,00;          0,00;          0,00;      1.465,00;08/05/2026;wramos  ;10/05/2026;07/05/2026;07/05/2026;          ;07/05/2026;MTZ;LIQU;;;;000 ;1949;4 DESPESAS ADM;04/26
6;1;   539;01;748;  710;     88761;TRANSFERENCIA;  1.465,00;;08/05/2026;07/05/2026;CONCILIADO;wramos  
5;1;   540;01;5306;TELEFONIA E COMUNICACAO DE DADOS;RECARGA CELULAR MOTORISTA RODRIGO;02558157000162 ;VIVO - TELEFONICA BRASIL S/A -; ;SAO PAULO;SP; ;               ;           ;TELEFONIA MOVEL               ;;5.03.01.01.0015;2.01.01.10.0020;      865; ;         20,00;         20,00;         20,00;          0,00;          0,00;         20,00;08/05/2026;wramos  ;07/05/2026;07/05/2026;07/05/2026;          ;07/05/2026;MTZ;CANC;;;;000 ;1304;4 DESPESAS ADM;05/26
5;1;   541;01;5244;MATERIAL DE ESCRITORIO;CALCA DE TRABALHO MOTORISTA;06127165000105 ;COMERCIAL BASSETTO DE MAQUINAS; ;ITATIBA;SP; ;               ;           ;EPI                           ;;5.03.01.01.0023;2.01.01.10.0017;      125; ;        210,00;        210,00;        210,00;          0,00;          0,00;        210,00;08/05/2026;wramos  ;07/05/2026;07/05/2026;07/05/2026;          ;07/05/2026;MTZ;LIQU;;;;000 ;1556;4 DESPESAS ADM;05/26
6;1;   541;01;748;  710;     88761;TRANSFERENCIA;    210,00;;08/05/2026;07/05/2026;CONCILIADO;wramos  
5;1;   542;01;5244;MATERIAL DE ESCRITORIO;UNIFORME;00040837489822 ;THAIS ANDRADE; ;ITATIBA;SP; ;               ;           ;UNIFORMES                     ;;5.03.01.01.0023;2.01.01.10.0017;     1252; ;        110,00;        110,00;        110,00;          0,00;          0,00;        110,00;08/05/2026;wramos  ;07/05/2026;07/05/2026;07/05/2026;          ;07/05/2026;MTZ;LIQU;;;;000 ;1556;4 DESPESAS ADM;05/26
6;1;   542;01;748;  710;     88761;TRANSFERENCIA;    110,00;;08/05/2026;07/05/2026;CONCILIADO;wramos  
5;1;   543;01;5210;ACERTO CONTA FORNECEDOR;PAGAMENTO FATURA CARTAO DE CREDITO SICREDI;01181521000155 ;BANCO COOPERATIVO SICREDI SA; ;PORTO ALEGRE;RS; ;               ;           ;BANCO COOPERATIVO             ;;2.01.01.30.0020;2.01.01.10.0017;   521452; ;        443,06;        443,06;        443,06;          0,00;          0,00;        443,06;08/05/2026;wramos  ;08/05/2026;08/05/2026;08/05/2026;          ;08/05/2026;MTZ;LIQU;;;;000 ;2949;4 DESPESAS ADM;04/26
6;1;   543;01;748;  710;     88761;TRANSFERENCIA;    443,06;;08/05/2026;08/05/2026;CONCILIADO;wramos  
5;1;   544;01;5317;TARIFA BANCARIA;TARIFA DE BOLETO;10398952000169 ;CRESOL - CONFEDERACAO NACIONAL; ;FLORIANOPOLIS;SC; ;               ;           ;COOPERATIVA DE CREDITO        ;;5.09.01.01.0020;2.01.01.10.0020;     2152; ;          2,50;          2,50;          2,50;          0,00;          0,00;          2,50;08/05/2026;wramos  ;28/04/2026;28/04/2026;28/04/2026;          ;28/04/2026;FRT;CANC;;;;000 ;2949;99 OUTROS;04/26
5;1;   545;01;5241;ESTACIONAMENTOS;ESTACIONAMENTO CARRETA APQ;18130649000192 ;EDMIR DOS SANTOS SARRAIPO; ;TAUBATE;SP; ;               ;           ;ESTACIONAMENTO                ;;5.06.01.01.0030;2.01.01.10.0020;      125; ;        400,00;        400,00;        400,00;          0,00;          0,00;        400,00;08/05/2026;wramos  ;28/04/2026;28/04/2026;28/04/2026;          ;28/04/2026;FRT;CANC;;;;000 ;1949;5 DESPESAS OPERACIONAL;04/26
5;1;   546;01;5241;ESTACIONAMENTOS;PAGAMENTO ESTACIONAMENTO 02 CARRETAS;11088658000113 ;ANTONIO DE PADUA  CONSTANT PIR; ;ITUPEVA;SP; ;               ;           ;FAZENDA                       ;;5.06.01.01.0030;2.01.01.10.0020;        1; ;        400,00;        400,00;        400,00;          0,00;          0,00;        400,00;08/05/2026;wramos  ;04/05/2026;04/05/2026;04/05/2026;          ;04/05/2026;FRT;CANC;;;;000 ;1949;5 DESPESAS OPERACIONAL;05/26
5;1;   547;01;5216;SALARIOS;PAGAMENTO MOTORISTA;00020323493882 ;RODRIGO PASSIONI; ;ITATIBA;SP; ;               ;           ;CARRETEIRO                    ;;5.02.03.01.0013;2.01.01.15.0010;    85469; ;      2.280,00;      2.280,00;      2.280,00;          0,00;          0,00;      2.280,00;08/05/2026;wramos  ;08/05/2026;07/05/2026;07/05/2026;          ;07/05/2026;FRT;LIQU;;;;000 ;1949;15 OBRIGACOES TRABALHISTAS;04/26
6;1;   547;01;133; 1818;     44075;TRANSFERENCIA;  2.280,00;;08/05/2026;07/05/2026;CONCILIADO;wramos  
5;1;   548;01;5700;DESCARGA;PAGAMENTO ADRIANO;55008868000120 ;BWT LOGISTICA TRANSPORTES E LO; ;SAO JOSE DOS CAMPOS;SP;SICREDI 748 / 0710- / 88761-8;55008868000120 ;BWT LOGISTI;ALUGUEL DE EQUIPAMENTO        ;;;;    52152; ;        100,00;        100,00;        100,00;          0,00;          0,00;        100,00;08/05/2026;wramos  ;07/05/2026;07/05/2026;07/05/2026;          ;07/05/2026;FRT;LIQU;;;;000 ;0000;5 DESPESAS OPERACIONAL;05/26
6;1;   548;01;133; 1818;     44075;TRANSFERENCIA;    100,00;;08/05/2026;07/05/2026;CONCILIADO;wramos  
5;1;   549;01;5202;COMISSAO DE VENDEDORES;COMISSAO MAURICIO;09452472000150 ;TATONELLA ADMINISTRACAO EIRELI; ;INDAIATUBA;SP;BANCO DO BRASIL S.A. 1 / 2222-5 / 12345678-9;               ;           ;SERVIC DE OPERACAO E FORNECIME;;5.05.02.01.0010;2.01.01.10.0017;   255545; ;     10.514,24;     10.514,24;     10.514,24;          0,00;          0,00;     10.514,24;08/05/2026;wramos  ;10/05/2026;01/05/2026;08/05/2026;          ;01/05/2026;MTZ;LIQU;;;;000 ;1949;4 DESPESAS ADM;04/26
6;1;   549;01;748;  710;     88761;TRANSFERENCIA; 10.514,24;;08/05/2026;08/05/2026;CONCILIADO;wramos  
5;1;   550;01;5409;MANUTENCAO E CONSERVACAO DE VEICULOS;001 - 3 - CORDA TRANCADA COLORIDA 8MM/10MM;03978611000105 ;LANFRANCHI E LOSSAVARO LTDA ME; ;ITATIBA;SP; ;               ;           ;;;5.02.01.01.0017;2.01.01.10.0017;    15616;35260403978611000105550010000156161637191621 ;        187,90;        187,90;        187,90;          0,00;          0,00;        187,90;08/05/2026;wramos  ;11/05/2026;10/04/2026;11/05/2026;          ;08/05/2026;FRT;LIQU;;;;000 ;1949;5 DESPESAS OPERACIONAL;04/26
6;1;   550;01;133; 1818;     44075;TRANSFERENCIA;    187,90;;09/05/2026;11/05/2026;CONCILIADO;wramos  
5;1;   551;01;5409;MANUTENCAO E CONSERVACAO DE VEICULOS;001 - 115 - CAPA PORCA 33 SC/VOLVO;03978611000105 ;LANFRANCHI E LOSSAVARO LTDA ME; ;ITATIBA;SP; ;               ;           ;;;5.02.01.01.0017;2.01.01.10.0017;    15615;35260403978611000105550010000156151168384620 ;      3.181,50;      3.701,52;      1.233,84;          0,00;          0,00;      1.233,84;08/05/2026;wramos  ;10/05/2026;10/04/2026;11/05/2026;          ;08/05/2026;FRT;LIQU;;;;000 ;1949;5 DESPESAS OPERACIONAL;04/26
6;1;   551;01;133; 1818;     44075;TRANSFERENCIA;  1.233,84;;09/05/2026;11/05/2026;CONCILIADO;wramos  
5;1;   551;02;5409;MANUTENCAO E CONSERVACAO DE VEICULOS;001 - 115 - CAPA PORCA 33 SC/VOLVO;03978611000105 ;LANFRANCHI E LOSSAVARO LTDA ME; ;ITATIBA;SP; ;               ;           ;;;5.02.01.01.0017;2.01.01.10.0017;    15615;35260403978611000105550010000156151168384620 ;      3.181,50;      3.701,52;      1.233,84;          0,00;          0,00;      1.233,84;08/05/2026;wramos  ;10/06/2026;10/04/2026;05/06/2026;          ;08/05/2026;FRT;LIQU;;;;000 ;1949;5 DESPESAS OPERACIONAL;06/26
6;1;   551;02;748;  710;     88761;TRANSFERENCIA;  1.233,84;;05/06/2026;05/06/2026;CONCILIADO;wramos  
5;1;   551;03;5409;MANUTENCAO E CONSERVACAO DE VEICULOS;001 - 115 - CAPA PORCA 33 SC/VOLVO CARTAO DE CREDITO WELLINGTON;03978611000105 ;LANFRANCHI E LOSSAVARO LTDA ME; ;ITATIBA;SP; ;               ;           ;;;5.02.01.01.0017;2.01.01.10.0017;    15615;35260403978611000105550010000156151168384620 ;      3.181,50;      3.701,52;      1.233,84;          0,00;          0,00;      1.233,84;08/05/2026;wramos  ;10/07/2026;10/04/2026;16/07/2026;          ;08/05/2026;FRT;LIQU;;;;000 ;1949;5 DESPESAS OPERACIONAL;07/26
6;1;   551;03;756; 3214;    161485;TRANSFERENCIA;  1.233,84;;16/07/2026;16/07/2026;CONCILIADO;wramos  
5;1;   552;01;5409;MANUTENCAO E CONSERVACAO DE VEICULOS;217 - ARLA 32 DIESEL S10;13177207000188 ;CENTAURUS PARK CENTRO AUTOMOTI; ;ITATIBA;SP; ;               ;           ;;;5.02.01.01.0017;2.01.01.10.0017;     3409;35260413177207000188550020000034091113410290 ;      1.514,71;      1.514,71;      1.514,71;          0,00;          0,00;      1.514,71;08/05/2026;wramos  ;11/05/2026;13/04/2026;11/05/2026;          ;08/05/2026;FRT;LIQU;;;;000 ;1949;5 DESPESAS OPERACIONAL;04/26
6;1;   552;01;133; 1818;     44075;TRANSFERENCIA;  1.514,71;;09/05/2026;11/05/2026;CONCILIADO;wramos  
5;1;   553;01;5409;MANUTENCAO E CONSERVACAO DE VEICULOS;PNEU PARA CARRETA KDF;04709822000105 ;TRUCK CENTER 3 IRMAOS COMERCIO; ;ITATIBA;SP; ;               ;           ;COMERCIO E MANIUTENCAO        ;;5.02.01.01.0017;2.01.01.10.0017;    10200; ;      1.004,00;        800,00;        800,00;          0,00;          0,00;        800,00;09/05/2026;wramos  ;10/05/2026;10/04/2026;11/05/2026;          ;10/04/2026;FRT;LIQU;;;;000 ;1949;5 DESPESAS OPERACIONAL;04/26
6;1;   553;01;133; 1818;     44075;TRANSFERENCIA;    800,00;;09/05/2026;11/05/2026;CONCILIADO;wramos  
5;1;   554;01;5409;MANUTENCAO E CONSERVACAO DE VEICULOS;PNEUS STEP TROCA DE PNEUS CARRETA KDF;04709822000105 ;TRUCK CENTER 3 IRMAOS COMERCIO; ;ITATIBA;SP; ;               ;           ;COMERCIO E MANIUTENCAO        ;;5.02.01.01.0017;2.01.01.10.0017;    12521; ;      3.830,04;      3.830,04;      1.276,08;          0,00;          0,00;      1.276,08;09/05/2026;wramos  ;10/05/2026;08/04/2026;11/05/2026;          ;08/04/2026;FRT;LIQU;;;;000 ;1949;5 DESPESAS OPERACIONAL;04/26
6;1;   554;01;133; 1818;     44075;TRANSFERENCIA;  1.276,08;;09/05/2026;11/05/2026;CONCILIADO;wramos  
5;1;   554;02;5409;MANUTENCAO E CONSERVACAO DE VEICULOS;PNEUS STEP TROCA DE PNEUS CARRETA KDF;04709822000105 ;TRUCK CENTER 3 IRMAOS COMERCIO; ;ITATIBA;SP; ;               ;           ;COMERCIO E MANIUTENCAO        ;;5.02.01.01.0017;2.01.01.10.0017;    12521; ;      3.830,04;      3.830,04;      1.276,08;          0,00;          0,00;      1.276,08;09/05/2026;wramos  ;10/06/2026;08/04/2026;05/06/2026;          ;08/04/2026;FRT;LIQU;;;;000 ;1949;5 DESPESAS OPERACIONAL;06/26
6;1;   554;02;756; 3214;    161485;TRANSFERENCIA;  1.276,08;;05/06/2026;05/06/2026;CONCILIADO;wramos  
5;1;   554;03;5409;MANUTENCAO E CONSERVACAO DE VEICULOS;PNEUS STEP TROCA DE PNEUS CARRETA KDF;04709822000105 ;TRUCK CENTER 3 IRMAOS COMERCIO; ;ITATIBA;SP; ;               ;           ;COMERCIO E MANIUTENCAO        ;;5.02.01.01.0017;2.01.01.10.0017;    12521; ;      3.830,04;      3.830,04;      1.276,08;          0,00;          0,00;      1.276,08;09/05/2026;wramos  ;10/07/2026;08/04/2026;13/07/2026;          ;08/04/2026;FRT;LIQU;;;;000 ;1949;5 DESPESAS OPERACIONAL;07/26
6;1;   554;03;756; 3214;    161485;TRANSFERENCIA;  1.276,08;;13/07/2026;13/07/2026;CONCILIADO;wramos  
5;1;   555;01;5409;MANUTENCAO E CONSERVACAO DE VEICULOS;MANUTENCAO CAVALO;58534382000113 ;FAT MECANICA DIESEL LTDA; ;ITATIBA;SP; ;               ;           ;;;5.02.01.01.0017;2.01.01.10.0017;   524125; ;      6.621,72;      6.621,72;      1.655,43;          0,00;          0,00;      1.655,43;09/05/2026;wramos  ;10/05/2026;08/04/2026;11/05/2026;          ;08/04/2026;FRT;LIQU;;;;000 ;1949;5 DESPESAS OPERACIONAL;04/26
6;1;   555;01;133; 1818;     44075;TRANSFERENCIA;  1.655,43;;09/05/2026;11/05/2026;CONCILIADO;wramos  
5;1;   555;02;5409;MANUTENCAO E CONSERVACAO DE VEICULOS;MANUTENCAO CAVALO;58534382000113 ;FAT MECANICA DIESEL LTDA; ;ITATIBA;SP; ;               ;           ;;;5.02.01.01.0017;2.01.01.10.0017;   524125; ;      6.621,72;      6.621,72;      1.655,43;          0,00;          0,00;      1.655,43;09/05/2026;wramos  ;10/06/2026;08/04/2026;05/06/2026;          ;08/04/2026;FRT;LIQU;;;;000 ;1949;5 DESPESAS OPERACIONAL;06/26
6;1;   555;02;748;  710;     88761;TRANSFERENCIA;  1.655,43;;05/06/2026;05/06/2026;CONCILIADO;wramos  
5;1;   555;03;5409;MANUTENCAO E CONSERVACAO DE VEICULOS;MANUTENCAO CAVALO;58534382000113 ;FAT MECANICA DIESEL LTDA; ;ITATIBA;SP; ;               ;           ;;;5.02.01.01.0017;2.01.01.10.0017;   524125; ;      6.621,72;      6.621,72;      1.655,43;          0,00;          0,00;      1.655,43;09/05/2026;wramos  ;10/07/2026;08/04/2026;16/07/2026;          ;08/04/2026;FRT;LIQU;;;;000 ;1949;5 DESPESAS OPERACIONAL;07/26
6;1;   555;03;756; 3214;    161485;TRANSFERENCIA;  1.655,43;;16/07/2026;16/07/2026;CONCILIADO;wramos  
5;1;   556;01;5409;MANUTENCAO E CONSERVACAO DE VEICULOS;SPRAY CARRETA;71961049002879 ;SACI COMERCIO DE TINTAS LTDA -; ;ITATIBA;SP; ;               ;           ;MATERIAIS                     ;;5.02.01.01.0017;2.01.01.10.0017;        1; ;        140,00;        140,00;        140,00;          0,00;          0,00;        140,00;09/05/2026;wramos  ;10/05/2026;11/04/2026;11/05/2026;          ;11/04/2026;FRT;LIQU;;;;000 ;1949;5 DESPESAS OPERACIONAL;04/26
6;1;   556;01;133; 1818;     44075;TRANSFERENCIA;    140,00;;09/05/2026;11/05/2026;CONCILIADO;wramos  
5;1;   557;01;5409;MANUTENCAO E CONSERVACAO DE VEICULOS;SPRAY CARRETA;71961049002879 ;SACI COMERCIO DE TINTAS LTDA -; ;ITATIBA;SP; ;               ;           ;MATERIAIS                     ;;5.02.01.01.0017;2.01.01.10.0017;    12521; ;         35,00;         35,00;         35,00;          0,00;          0,00;         35,00;09/05/2026;wramos  ;10/05/2026;11/04/2026;11/05/2026;          ;11/04/2026;FRT;LIQU;;;;000 ;1949;5 DESPESAS OPERACIONAL;04/26
6;1;   557;01;133; 1818;     44075;TRANSFERENCIA;     35,00;;09/05/2026;11/05/2026;CONCILIADO;wramos  
5;1;   558;01;5409;MANUTENCAO E CONSERVACAO DE VEICULOS;CORDA PARA CARRETA;03978611000105 ;LANFRANCHI E LOSSAVARO LTDA ME; ;ITATIBA;SP; ;               ;           ;;;5.02.01.01.0017;2.01.01.10.0017;    85455; ;        187,90;        187,90;        187,90;          0,00;          0,00;        187,90;09/05/2026;wramos  ;10/05/2026;09/04/2026;11/05/2026;          ;09/04/2026;FRT;CANC;;;;000 ;1949;5 DESPESAS OPERACIONAL;04/26
5;1;   559;01;5501;INDENIZACAO DE MERCADORIAS;INDENIZACAO AVARIAS ND 1953 - REFERENTE NFS 66405 E 61408;01855226000137 ;SOLAR INOVE INDUSTRIAL LTDA; ;TUBARAO;SC; ;               ;           ;FERROS                        ;;5.03.04.01.0020;2.01.01.10.0020;     1953; ;        555,23;        555,23;        555,23;         12,48;          0,00;        567,71;11/05/2026;mclara  ;05/06/2026;05/05/2026;05/06/2026;          ;05/05/2026;MTZ;LIQU;;;;00190000090134115155144131487173114680000055523 ;2949;5 DESPESAS OPERACIONAL;05/26
6;1;   559;01;748;  710;     88761;TRANSFERENCIA;    567,71;;12/06/2026;08/06/2026;CONCILIADO;wramos  
5;1;   560;01;5306;TELEFONIA E COMUNICACAO DE DADOS;RECARGA CELULAR RODRIGO;02558157000162 ;VIVO - TELEFONICA BRASIL S/A -; ;SAO PAULO;SP; ;               ;           ;TELEFONIA MOVEL               ;;5.03.01.01.0015;2.01.01.10.0020;     2125; ;         20,00;         20,00;         20,00;          0,00;          0,00;         20,00;16/05/2026;wramos  ;07/05/2026;07/05/2026;07/05/2026;          ;07/05/2026;MTZ;LIQU;;;;000 ;1304;4 DESPESAS ADM;05/26
6;1;   560;01;748;  710;     88761;TRANSFERENCIA;     20,00;;16/05/2026;07/05/2026;CONCILIADO;wramos  
5;1;   561;01;5403;PEDAGIOS;PEDAGIO;10678505000163 ;CONCESSIONARIA ROD DO TIETE S.; ;SALTO;SP; ;               ;           ;PEDAGIO                       ;;5.02.02.01.0013;2.01.01.10.0020;     2152; ;         70,20;         70,20;         70,20;          0,00;          0,00;         70,20;16/05/2026;wramos  ;08/05/2026;08/05/2026;08/05/2026;          ;08/05/2026;FRT;LIQU;;;;000 ;1949;5 DESPESAS OPERACIONAL;05/26
6;1;   561;01;748;  710;     88761;TRANSFERENCIA;     70,20;;16/05/2026;08/05/2026;CONCILIADO;wramos  
5;1;   562;01;5403;PEDAGIOS;PEDAGIO;10678505000163 ;CONCESSIONARIA ROD DO TIETE S.; ;SALTO;SP; ;               ;           ;PEDAGIO                       ;;5.02.02.01.0013;2.01.01.10.0020;   120125; ;         39,00;         39,00;         39,00;          0,00;          0,00;         39,00;16/05/2026;wramos  ;11/05/2026;11/05/2026;11/05/2026;          ;11/05/2026;FRT;LIQU;;;;000 ;1949;5 DESPESAS OPERACIONAL;05/26
6;1;   562;01;748;  710;     88761;TRANSFERENCIA;     39,00;;16/05/2026;11/05/2026;CONCILIADO;wramos  
5;1;   563;01;5317;TARIFA BANCARIA;MANUTENCAO C/C;01181521000155 ;BANCO COOPERATIVO SICREDI SA; ;PORTO ALEGRE;RS; ;               ;           ;BANCO COOPERATIVO             ;;5.09.01.01.0020;2.01.01.10.0020;   125125; ;         31,98;         31,98;         31,98;          0,00;          0,00;         31,98;16/05/2026;wramos  ;11/05/2026;11/05/2026;11/05/2026;          ;11/05/2026;FRT;CANC;;;;000 ;2949;99 OUTROS;05/26
5;1;   564;01;5317;TARIFA BANCARIA;MANUTENCAO C/C;01181521000155 ;BANCO COOPERATIVO SICREDI SA; ;PORTO ALEGRE;RS; ;               ;           ;BANCO COOPERATIVO             ;;5.09.01.01.0020;2.01.01.10.0020;    12521; ;         31,98;         31,98;         31,98;          0,00;          0,00;         31,98;16/05/2026;wramos  ;11/05/2026;11/05/2026;11/05/2026;          ;11/05/2026;MTZ;LIQU;;;;000 ;2949;99 OUTROS;05/26
6;1;   564;01;748;  710;     88761;TRANSFERENCIA;     31,98;;16/05/2026;11/05/2026;CONCILIADO;wramos  
5;1;   565;01;5317;TARIFA BANCARIA;TARIFA DE BOLETO;01181521000155 ;BANCO COOPERATIVO SICREDI SA; ;PORTO ALEGRE;RS; ;               ;           ;BANCO COOPERATIVO             ;;5.09.01.01.0020;2.01.01.10.0020;   521255; ;          3,00;          3,00;          3,00;          0,00;          0,00;          3,00;16/05/2026;wramos  ;11/05/2026;11/05/2026;11/05/2026;          ;11/05/2026;MTZ;LIQU;;;;000 ;2949;99 OUTROS;05/26
6;1;   565;01;748;  710;     88761;TRANSFERENCIA;      3,00;;16/05/2026;11/05/2026;CONCILIADO;wramos  
5;1;   566;01;5403;PEDAGIOS;PEDAGIO VIAGEM TAUBATE;10678505000163 ;CONCESSIONARIA ROD DO TIETE S.; ;SALTO;SP; ;               ;           ;PEDAGIO                       ;;5.02.02.01.0013;2.01.01.10.0020;    12521; ;        278,70;        278,70;        278,70;          0,00;         35,10;        243,60;16/05/2026;wramos  ;13/05/2026;13/05/2026;13/05/2026;          ;13/05/2026;FRT;LIQU;;;;000 ;1949;5 DESPESAS OPERACIONAL;05/26
6;1;   566;01;748;  710;     88761;TRANSFERENCIA;    243,60;;18/05/2026;13/05/2026;CONCILIADO;wramos  
5;1;   567;01;5405;MANUTENCAO DE MAQUINAS E EQUIPAMENTOS;CADEADO PARA CARRETA;43279058000390 ;SILCON MATERIAIS ELETRICOS E H; ;ITATIBA;SP; ;               ;           ;FERRAMENTAS                   ;;5.02.01.01.0017;2.01.01.10.0017;     1252; ;        108,00;        108,00;        108,00;          0,00;          0,00;        108,00;16/05/2026;wramos  ;12/05/2026;12/05/2026;12/05/2026;          ;12/05/2026;FRT;LIQU;;;;000 ;1949;5 DESPESAS OPERACIONAL;05/26
6;1;   567;01;748;  710;     88761;TRANSFERENCIA;    108,00;;16/05/2026;12/05/2026;CONCILIADO;wramos  
5;1;   568;01;5403;PEDAGIOS;PEDAGIO;10678505000163 ;CONCESSIONARIA ROD DO TIETE S.; ;SALTO;SP; ;               ;           ;PEDAGIO                       ;;5.02.02.01.0013;2.01.01.10.0020;   252521; ;         35,10;         35,10;         35,10;          0,00;          0,00;         35,10;16/05/2026;wramos  ;12/05/2026;12/05/2026;12/05/2026;          ;12/05/2026;FRT;LIQU;;;;000 ;1949;5 DESPESAS OPERACIONAL;05/26
6;1;   568;01;748;  710;     88761;TRANSFERENCIA;     35,10;;16/05/2026;12/05/2026;CONCILIADO;wramos  
5;1;   569;01;5403;PEDAGIOS;PEDAGIO;10678505000163 ;CONCESSIONARIA ROD DO TIETE S.; ;SALTO;SP; ;               ;           ;PEDAGIO                       ;;5.02.02.01.0013;2.01.01.10.0020;     1256; ;         39,00;         39,00;         39,00;          0,00;          0,00;         39,00;16/05/2026;wramos  ;14/05/2026;14/05/2026;14/05/2026;          ;14/05/2026;FRT;LIQU;;;;000 ;1949;5 DESPESAS OPERACIONAL;05/26
6;1;   569;01;748;  710;     88761;TRANSFERENCIA;     39,00;;16/05/2026;14/05/2026;CONCILIADO;wramos  
5;1;   570;01;5317;TARIFA BANCARIA;TARIFA CAPITAL SOCIAL;01181521000155 ;BANCO COOPERATIVO SICREDI SA; ;PORTO ALEGRE;RS; ;               ;           ;BANCO COOPERATIVO             ;;5.09.01.01.0020;2.01.01.10.0020;     1252; ;        100,00;        100,00;        100,00;          0,00;          0,00;        100,00;16/05/2026;wramos  ;15/05/2026;15/05/2026;15/05/2026;          ;15/05/2026;MTZ;LIQU;;;;000 ;2949;99 OUTROS;05/26
6;1;   570;01;748;  710;     88761;TRANSFERENCIA;    100,00;;16/05/2026;15/05/2026;CONCILIADO;wramos  
5;1;   571;01;5210;ACERTO CONTA FORNECEDOR;GASTO BRUNO LOTERICA;00035987892899 ;BRUNO DA SILVA OLIVEIRA; ;INDAIATUBA;SP; ;               ;           ;COMERCIAL                     ;;2.01.01.30.0020;2.01.01.10.0017;    51251; ;         45,49;         45,49;         45,49;          0,00;          0,00;         45,49;16/05/2026;wramos  ;14/05/2026;14/05/2026;14/05/2026;          ;14/05/2026;MTZ;LIQU;;;;000 ;1949;4 DESPESAS ADM;05/26
6;1;   571;01;748;  710;     88761;TRANSFERENCIA;     45,49;;16/05/2026;14/05/2026;CONCILIADO;wramos  
5;1;   572;01;5101;FRETE TRANSFERENCIA DE VEICULOS TERCEIROS;FRETE DOUGLAS SOLFACIL;00039456000818 ;CLAUDIA BEATRIZ DE ALMEIDA; ;ITATIBA;SP; ;               ;           ;FRETE                         ;;5.02.02.01.0015;2.01.01.30.0010;     1252; ;        500,00;        500,00;        500,00;          0,00;          0,00;        500,00;16/05/2026;wramos  ;15/05/2026;15/05/2026;15/05/2026;          ;15/05/2026;MTZ;LIQU;;;;000 ;1351;14 SERVICOS TERCEIROS;05/26
6;1;   572;01;748;  710;     88761;TRANSFERENCIA;    500,00;;16/05/2026;15/05/2026;CONCILIADO;wramos  
5;1;   573;01;5466;PRO-LABORE;PRO LABORE;00032071194845 ;WELLINGTON TEIXEIRA RAMOS; ;APARECIDA;SP; ;               ;           ;REEMBOLSO                     ;;;;    21521; ;      6.000,00;      6.000,00;      6.000,00;          0,00;          0,00;      6.000,00;16/05/2026;wramos  ;20/05/2026;16/05/2026;20/05/2026;          ;16/05/2026;MTZ;LIQU;;;;000 ;0000;4 DESPESAS ADM;04/26
6;1;   573;01;748;  710;     88761;TRANSFERENCIA;  6.000,00;;19/05/2026;19/05/2026;CONCILIADO;wramos  
5;1;   574;01;5416;INSS;INSS SOBRE FOLHA;00394460005887 ;MINISTERIO ECONOMIA RECEITA FE; ;BRASILIA;DF; ;               ;           ;IMPOSTOS                      ;;2.01.01.20.0017;2.01.01.25.0023;   125012; ;        956,72;        956,72;        956,72;          0,00;          0,00;        956,72;16/05/2026;wramos  ;20/05/2026;15/05/2026;20/05/2026;          ;15/05/2026;MTZ;LIQU;;;;000 ;2949;1 IMPOSTOS;04/26
6;1;   574;01;748;  710;     88761;TRANSFERENCIA;    956,72;;19/05/2026;19/05/2026;CONCILIADO;wramos  
5;1;   575;01;5415;FGTS;FGTS SOBRE FOLHA;00394460005887 ;MINISTERIO ECONOMIA RECEITA FE; ;BRASILIA;DF; ;               ;           ;IMPOSTOS                      ;;5.02.03.01.0035;2.01.01.20.0010;    20012; ;        100,10;        100,10;        100,10;          0,00;          0,00;        100,10;16/05/2026;wramos  ;20/05/2026;15/05/2026;20/05/2026;          ;15/05/2026;MTZ;LIQU;;;;000 ;2949;1 IMPOSTOS;04/26
6;1;   575;01;748;  710;     88761;TRANSFERENCIA;    100,10;;19/05/2026;19/05/2026;CONCILIADO;wramos  
5;1;   576;01;5256;COFINS;COFINS;00394460005887 ;MINISTERIO ECONOMIA RECEITA FE; ;BRASILIA;DF; ;               ;           ;IMPOSTOS                      ;;2.01.01.25.0042;2.01.01.25.0023;    85455; ;     11.979,25;     11.979,25;     11.979,25;          0,00;          0,00;     11.979,25;16/05/2026;wramos  ;25/05/2026;15/05/2026;25/05/2026;          ;15/05/2026;MTZ;LIQU;;;;000 ;2949;1 IMPOSTOS;04/26
6;1;   576;01;748;  710;     88761;TRANSFERENCIA; 11.979,25;;19/05/2026;19/05/2026;CONCILIADO;wramos  
5;1;   577;01;5115;PIS;PIS;00394460005887 ;MINISTERIO ECONOMIA RECEITA FE; ;BRASILIA;DF; ;               ;           ;IMPOSTOS                      ;;2.01.01.25.0041;2.01.01.25.0023;  1250125; ;      2.595,50;      2.595,50;      2.595,50;          0,00;          0,00;      2.595,50;16/05/2026;wramos  ;25/05/2026;15/05/2026;25/05/2026;          ;15/05/2026;MTZ;LIQU;;;;000 ;2949;1 IMPOSTOS;04/26
6;1;   577;01;748;  710;     88761;TRANSFERENCIA;  2.595,50;;19/05/2026;19/05/2026;CONCILIADO;wramos  
5;1;   578;01;5108;ICMS;ICMS;46379400000150 ;SECRETARIA DA FAZDO EST DE SAO; ;SAO PAULO;SP; ;               ;           ;SECRETARIA DA FAZDO EST DE SAO;;2.01.01.25.0010;2.01.01.25.0023;     1250; ;     38.333,73;     38.333,73;     38.333,73;        766,67;          0,00;     39.100,40;16/05/2026;wramos  ;25/05/2026;15/05/2026;25/05/2026;          ;15/05/2026;MTZ;LIQU;;;;000 ;1949;1 IMPOSTOS;04/26
6;1;   578;01;748;  710;     88761;TRANSFERENCIA; 39.100,40;;01/06/2026;26/05/2026;CONCILIADO;wramos  
5;1;   579;01;5700;DESCARGA;GUINCHO EMPILHADEIRA;00007387498857 ;DAVI FERREIRA; ;ITATIBA;SP; ;               ;           ;GUINCHO                       ;;;;    12521; ;        950,00;        950,00;        950,00;          0,00;          0,00;        950,00;18/05/2026;wramos  ;18/05/2026;18/05/2026;18/05/2026;          ;18/05/2026;MTZ;LIQU;;;;000 ;0000;5 DESPESAS OPERACIONAL;05/26
6;1;   579;01;748;  710;     88761;TRANSFERENCIA;    950,00;;18/05/2026;18/05/2026;CONCILIADO;wramos  
5;1;   580;01;5314;GERENCIAMENTO DE RISCO;GERENCIAMENTO DE RISCO;10441761000132 ;MEDEIROS MONITORAMENTO EIRELI; ;SAO JOSE DO RIO PRETO;SP; ;               ;           ;MONITORAMENTO                 ;;5.02.02.01.0037;2.01.01.10.0017;    12599; ;        129,00;        129,00;        129,00;          0,00;          0,00;        129,00;18/05/2026;wramos  ;20/05/2026;10/05/2026;20/05/2026;          ;10/05/2026;MTZ;LIQU;;;;000 ;1949;5 DESPESAS OPERACIONAL;04/26
6;1;   580;01;748;  710;     88761;TRANSFERENCIA;    129,00;;18/05/2026;18/05/2026;CONCILIADO;wramos  
5;1;   581;01;5301;ALUGUEL DO IMOVEL;COOWORKING SJC;17813642000102 ;TILIT ESCRITORIO EMPRESARIAL L; ;SAO JOSE DOS CAMPOS;SP; ;               ;           ;COOWKING                      ;;5.02.02.01.0035;2.01.01.10.0020;      220; ;        269,00;        269,00;        269,00;          0,00;          0,00;        269,00;18/05/2026;wramos  ;20/05/2026;10/05/2026;18/05/2026;          ;10/05/2026;MTZ;LIQU;;;;000 ;1949;4 DESPESAS ADM;04/26
6;1;   581;01;748;  710;     88761;TRANSFERENCIA;    269,00;;18/05/2026;18/05/2026;CONCILIADO;wramos  
5;1;   582;01;5210;ACERTO CONTA FORNECEDOR;GASTO DEBITO BRUNO;00035987892899 ;BRUNO DA SILVA OLIVEIRA; ;INDAIATUBA;SP; ;               ;           ;COMERCIAL                     ;;2.01.01.30.0020;2.01.01.10.0017;     8785; ;         42,95;         42,95;         42,95;          0,00;          0,00;         42,95;19/05/2026;wramos  ;18/05/2026;18/05/2026;18/05/2026;          ;18/05/2026;MTZ;LIQU;;;;000 ;1949;4 DESPESAS ADM;05/26
6;1;   582;01;748;  710;     88761;TRANSFERENCIA;     42,95;;19/05/2026;18/05/2026;CONCILIADO;wramos  
5;1;   583;01;5908;EXAMES MEDICOS;EXAMES MEDICOS ADMISSIONAIS;13991429000130 ;ITA OCUPACIONAL LTDA; ;ITATIBA;SP; ;               ;           ;**                            ;;;;    52145; ;        424,00;        424,00;        424,00;          0,00;          0,00;        424,00;19/05/2026;wramos  ;20/05/2026;01/05/2026;18/05/2026;          ;01/05/2026;FRT;LIQU;;;;000 ;0000;4 DESPESAS ADM;04/26
6;1;   583;01;748;  710;     88761;TRANSFERENCIA;    424,00;;19/05/2026;18/05/2026;CONCILIADO;wramos  
5;1;   584;01;1555;CONTABILIDADE;CONTABILIDADE;24824630000149 ;MASTER CONTABIL CATANDUVA LTDA; ;CATANDUVA;SP; ;               ;           ;CONTABILIDADE                 ;;;;   854525; ;      1.096,90;      1.096,90;      1.096,90;          0,00;          0,00;      1.096,90;19/05/2026;wramos  ;20/05/2026;10/05/2026;18/05/2026;          ;10/05/2026;FRT;CANC;;;;000 ;0000;4 DESPESAS ADM;04/26
5;1;   585;01;1555;CONTABILIDADE;CONTABILIDADE;24824630000149 ;MASTER CONTABIL CATANDUVA LTDA; ;CATANDUVA;SP; ;               ;           ;CONTABILIDADE                 ;;;;  5878544; ;      1.096,90;      1.096,90;      1.096,90;          0,00;          0,00;      1.096,90;19/05/2026;wramos  ;20/05/2026;10/05/2026;18/05/2026;          ;10/05/2026;MTZ;LIQU;;;;000 ;0000;4 DESPESAS ADM;04/26
6;1;   585;01;748;  710;     88761;TRANSFERENCIA;  1.096,90;;19/05/2026;18/05/2026;CONCILIADO;wramos  
5;1;   586;01;5803;PUBLICIDADE E PROPAGANDA;SITE;36726535000191 ;GRUPO THX DESENVOLVIMENTO WEB; ;ARUJA;SP; ;               ;           ;DESENVOLVIMENTO WEB           ;;;;  8858545; ;         55,00;         55,00;         55,00;          0,00;          0,00;         55,00;19/05/2026;wramos  ;20/05/2026;10/05/2026;18/05/2026;          ;10/05/2026;MTZ;LIQU;;;;000 ;0000;4 DESPESAS ADM;04/26
6;1;   586;01;748;  710;     88761;TRANSFERENCIA;     55,00;;19/05/2026;18/05/2026;CONCILIADO;wramos  
5;1;   587;01;5210;ACERTO CONTA FORNECEDOR;FATURA CARTAO;18236120000158 ;NU PAGAMENTOS S.A. - INSTITUIC; ;SANTANA DO LIVRAMENTO;RS; ;               ;           ;BANCO DIGITAL                 ;;2.01.01.30.0020;2.01.01.10.0017;   521524; ;        401,22;        401,22;        401,22;          0,00;          0,00;        401,22;19/05/2026;wramos  ;18/05/2026;01/05/2026;18/05/2026;          ;01/05/2026;MTZ;LIQU;;;;000 ;2949;4 DESPESAS ADM;04/26
6;1;   587;01;748;  710;     88761;TRANSFERENCIA;    401,22;;19/05/2026;18/05/2026;CONCILIADO;wramos  
5;1;   588;01;5314;GERENCIAMENTO DE RISCO;GERENCIAMENTO DE RISCO;27162201000141 ;TS CONTROL; ;SAO JOSE DO RIO PRETO;SP; ;               ;           ;SEGURANCA                     ;;5.02.02.01.0037;2.01.01.10.0017;        8; ;        142,25;        142,25;        142,25;          0,00;          0,00;        142,25;19/05/2026;wramos  ;20/05/2026;10/05/2026;18/05/2026;          ;10/05/2026;MTZ;LIQU;;;;000 ;1949;5 DESPESAS OPERACIONAL;04/26
6;1;   588;01;748;  710;     88761;TRANSFERENCIA;    142,25;;19/05/2026;18/05/2026;CONCILIADO;wramos  
5;1;   589;01;5317;TARIFA BANCARIA;TARIFA DE BOLETO;01181521000155 ;BANCO COOPERATIVO SICREDI SA; ;PORTO ALEGRE;RS; ;               ;           ;BANCO COOPERATIVO             ;;5.09.01.01.0020;2.01.01.10.0020;   854585; ;          3,00;          3,00;          3,00;          0,00;          0,00;          3,00;19/05/2026;wramos  ;18/05/2026;05/05/2026;18/05/2026;          ;05/05/2026;MTZ;LIQU;;;;000 ;2949;99 OUTROS;05/26
6;1;   589;01;748;  710;     88761;TRANSFERENCIA;      3,00;;19/05/2026;18/05/2026;CONCILIADO;wramos  
5;1;   590;01;5806;SISTEMA;SISTEMA;01446320000132 ;SSW SISTEMAS LTDA; ;CURITIBA;PR; ;               ;           ;MANUTENCAO DE SISTEMA         ;;;;   521524; ;      1.625,32;      1.625,32;      1.625,32;          0,00;          0,00;      1.625,32;19/05/2026;wramos  ;15/05/2026;10/05/2026;19/05/2026;          ;10/05/2026;MTZ;LIQU;;;;000 ;0000;4 DESPESAS ADM;04/26
6;1;   590;01;748;  710;     88761;TRANSFERENCIA;  1.625,32;;19/05/2026;19/05/2026;CONCILIADO;wramos  
5;1;   591;01;5210;ACERTO CONTA FORNECEDOR;FATURA E4LOG- 1  QUINZENA DE MAIO;27773153000128 ;E4LOG SOLUCOES LOGISTICAS LTDA; ;ITATIBA;SP;BANCO ITAU S.A. 341 / 7446- / 22350-0;               ;           ;TRANSPORTADORA                ;;2.01.01.30.0020;2.01.01.10.0017;   158706; ;     94.392,29;     94.392,29;     94.392,29;          0,00;          0,00;     94.392,29;19/05/2026;mclara  ;18/06/2026;15/05/2026;18/06/2026;          ;15/05/2026;MTZ;LIQU;;;;000 ;1949;4 DESPESAS ADM;05/26
6;1;   591;01;748;  710;     88761;TRANSFERENCIA; 94.392,29;;17/06/2026;17/06/2026;CONCILIADO;wramos  
5;1;   592;01;5466;PRO-LABORE;PRO LABORE;00035987892899 ;BRUNO DA SILVA OLIVEIRA; ;INDAIATUBA;SP; ;               ;           ;COMERCIAL                     ;;;;     8979; ;      5.535,00;      5.535,00;      5.535,00;          0,00;          0,00;      5.535,00;20/05/2026;wramos  ;20/05/2026;10/05/2026;19/05/2026;          ;10/05/2026;MTZ;LIQU;;;;000 ;0000;4 DESPESAS ADM;04/26
6;1;   592;01;748;  710;     88761;TRANSFERENCIA;  5.535,00;;20/05/2026;19/05/2026;CONCILIADO;wramos  
5;1;   593;01;5407;COMBUSTIVEIS E LUBRIFICANTES;ABASTECIMENTO BRUNO REGUAS CACAPAVA;54409706000130 ;AUTO POSTO ITATIBENSE LTDA; ;ITATIBA;SP; ;               ;           ;COMBUSTIVEIS                  ;;5.02.01.01.0010;2.01.01.10.0017;   125888; ;        200,00;        200,00;        200,00;          0,00;          0,00;        200,00;20/05/2026;wramos  ;19/05/2026;19/05/2026;19/05/2026;          ;19/05/2026;FRT;LIQU;;;;000 ;1653;5 DESPESAS OPERACIONAL;05/26
6;1;   593;01;748;  710;     88761;TRANSFERENCIA;    200,00;;20/05/2026;19/05/2026;CONCILIADO;wramos  
5;1;   594;01;5317;TARIFA BANCARIA;TARIFA E CAPITAL SOCIAL;10398952000169 ;CRESOL - CONFEDERACAO NACIONAL; ;FLORIANOPOLIS;SC; ;               ;           ;COOPERATIVA DE CREDITO        ;;5.09.01.01.0020;2.01.01.10.0020;    52125; ;        146,29;        146,29;        146,29;          0,00;          0,00;        146,29;20/05/2026;wramos  ;11/05/2026;11/05/2026;11/05/2026;          ;11/05/2026;FRT;LIQU;;;;000 ;2949;99 OUTROS;05/26
6;1;   594;01;133; 1818;     44075;TRANSFERENCIA;    146,29;;20/05/2026;11/05/2026;CONCILIADO;wramos  
5;1;   595;01;5409;MANUTENCAO E CONSERVACAO DE VEICULOS;MANUTENCAO CARRETA KDF;05998495000103 ;SO AR COM SERV PECAS P/ AUTOS; ;ITATIBA;SP; ;               ;           ;PECAS                         ;;5.02.01.01.0017;2.01.01.10.0017;   875458; ;        250,00;        250,00;        250,00;          0,00;          0,00;        250,00;20/05/2026;wramos  ;12/05/2026;12/05/2026;12/05/2026;          ;12/05/2026;FRT;LIQU;;;;000 ;1949;5 DESPESAS OPERACIONAL;05/26
6;1;   595;01;133; 1818;     44075;TRANSFERENCIA;    250,00;;20/05/2026;12/05/2026;CONCILIADO;wramos  
5;1;   596;01;5317;TARIFA BANCARIA;TARIFA DE BAIXA DE TITULOS;10398952000169 ;CRESOL - CONFEDERACAO NACIONAL; ;FLORIANOPOLIS;SC; ;               ;           ;COOPERATIVA DE CREDITO        ;;5.09.01.01.0020;2.01.01.10.0020;   878332; ;         35,00;         35,00;         35,00;          0,00;          0,00;         35,00;20/05/2026;wramos  ;13/05/2026;13/05/2026;13/05/2026;          ;13/05/2026;FRT;LIQU;;;;000 ;2949;99 OUTROS;05/26
6;1;   596;01;133; 1818;     44075;TRANSFERENCIA;     35,00;;20/05/2026;13/05/2026;CONCILIADO;wramos  
5;1;   597;01;5317;TARIFA BANCARIA;AQUISICAO DE COTAS PARA CAPITAL PARA ABERTURA DE C/C;02038232000164 ;BANCO SICOOB; ;BARUERI;SP; ;               ;           ;BANCO                         ;;5.09.01.01.0020;2.01.01.10.0020;        1; ;        520,00;        520,00;        520,00;          0,00;          0,00;        520,00;20/05/2026;wramos  ;12/05/2026;12/05/2026;12/05/2026;          ;12/05/2026;FRT;LIQU;;;;000 ;1949;99 OUTROS;05/26
6;1;   597;01;756; 3214;    161485;TRANSFERENCIA;    520,00;;20/05/2026;12/05/2026;CONCILIADO;wramos  
5;1;   598;01;5407;COMBUSTIVEIS E LUBRIFICANTES;329 - OLEO DIESEL B S10 COMUM;13177207000188 ;CENTAURUS PARK CENTRO AUTOMOTI; ;ITATIBA;SP; ;               ;           ;;;5.02.01.01.0010;2.01.01.10.0017;     3483;35260513177207000188550020000034831140946733 ;      2.164,35;      2.164,35;      2.164,35;          0,00;          0,00;      2.164,35;20/05/2026;wramos  ;13/05/2026;13/05/2026;13/05/2026;          ;13/05/2026;FRT;LIQU;;;;000 ;1653;5 DESPESAS OPERACIONAL;05/26
6;1;   598;01;756; 3214;    161485;TRANSFERENCIA;  2.164,35;;20/05/2026;13/05/2026;CONCILIADO;wramos  
5;1;   599;01;5317;TARIFA BANCARIA;TARIFA DE BOLETO;02038232000164 ;BANCO SICOOB; ;BARUERI;SP; ;               ;           ;BANCO                         ;;5.09.01.01.0020;2.01.01.10.0020;    12555; ;         25,20;         25,20;         25,20;          0,00;          0,00;         25,20;20/05/2026;wramos  ;18/05/2026;18/05/2026;18/05/2026;          ;18/05/2026;FRT;LIQU;;;;000 ;1949;99 OUTROS;05/26
6;1;   599;01;756; 3214;    161485;TRANSFERENCIA;     25,20;;20/05/2026;18/05/2026;CONCILIADO;wramos  
5;1;   600;01;5806;SISTEMA;CONSULTA SERASA ALUGUEL CARRETA;62173620000180 ;SERASA S.A.; ;SAO CARLOS;SP; ;               ;           ;SERASA                        ;;;;     4477; ;         64,99;         64,99;         64,99;          0,00;          0,00;         64,99;20/05/2026;wramos  ;18/05/2026;18/05/2026;18/05/2026;          ;18/05/2026;FRT;LIQU;;;;000 ;0000;4 DESPESAS ADM;05/26
6;1;   600;01;756; 3214;    161485;TRANSFERENCIA;     64,99;;20/05/2026;18/05/2026;CONCILIADO;wramos  
5;1;   601;01;5806;SISTEMA;CONSULTA SERASA ALUGUEL CARRETA;62173620000180 ;SERASA S.A.; ;SAO CARLOS;SP; ;               ;           ;SERASA                        ;;;;      111; ;         64,99;         64,99;         64,99;          0,00;          0,00;         64,99;20/05/2026;wramos  ;19/05/2026;19/05/2026;19/05/2026;          ;19/05/2026;FRT;LIQU;;;;000 ;0000;4 DESPESAS ADM;05/26
6;1;   601;01;756; 3214;    161485;TRANSFERENCIA;     64,99;;01/06/2026;19/05/2026;CONCILIADO;wramos  
5;1;   602;01;5803;PUBLICIDADE E PROPAGANDA;PATROCINIO;00033485262803 ;ANDERSON DE ARAUJO DODO; ;TREMEMBE;SP; ;               ;           ;X                             ;;;;     1255; ;        150,00;        150,00;        150,00;          0,00;          0,00;        150,00;01/06/2026;wramos  ;22/05/2026;22/05/2026;22/05/2026;          ;22/05/2026;MTZ;LIQU;;;;000 ;0000;4 DESPESAS ADM;05/26
6;1;   602;01;748;  710;     88761;TRANSFERENCIA;    150,00;;01/06/2026;22/05/2026;CONCILIADO;wramos  
5;1;   603;01;5407;COMBUSTIVEIS E LUBRIFICANTES;ABASTECIMENTO VIAGEM MARILIA;06143204000249 ;AUTO POSTO AVENIDA ESMERALDA L; ;MARILIA;SP; ;               ;           ;POSTO COMBUSTIVEL             ;;5.02.01.01.0010;2.01.01.10.0017;     8545; ;        310,35;        310,35;        310,35;          0,00;          0,00;        310,35;01/06/2026;wramos  ;26/05/2026;26/05/2026;26/05/2026;          ;26/05/2026;MTZ;LIQU;;;;000 ;1653;5 DESPESAS OPERACIONAL;05/26
6;1;   603;01;748;  710;     88761;TRANSFERENCIA;    310,35;;01/06/2026;26/05/2026;CONCILIADO;wramos  
5;1;   604;01;5203;ALIMENTACAO;ALMOCO BRUNO WELLINGTON;60807948000185 ;CHURRASC. LACO OURO DE ATIBAIA; ;ATIBAIA;SP; ;               ;           ;ALIMENTACAO                   ;;5.02.03.01.0065;2.01.01.10.0017;  2525558; ;        124,50;        124,50;        124,50;          0,00;          0,00;        124,50;01/06/2026;wramos  ;26/05/2026;26/05/2026;26/05/2026;          ;26/05/2026;MTZ;LIQU;;;;000 ;1949;15 OBRIGACOES TRABALHISTAS;05/26
6;1;   604;01;748;  710;     88761;TRANSFERENCIA;    124,50;;01/06/2026;26/05/2026;CONCILIADO;wramos  
5;1;   605;01;5203;ALIMENTACAO;COMPRA AGUA BRUNO;06143204000249 ;AUTO POSTO AVENIDA ESMERALDA L; ;MARILIA;SP; ;               ;           ;POSTO COMBUSTIVEL             ;;5.02.03.01.0065;2.01.01.10.0017;      155; ;          3,90;          3,90;          3,90;          0,00;          0,00;          3,90;01/06/2026;wramos  ;26/05/2026;26/05/2026;26/05/2026;          ;26/05/2026;MTZ;CANC;;;;000 ;1949;15 OBRIGACOES TRABALHISTAS;05/26
5;1;   606;01;5306;TELEFONIA E COMUNICACAO DE DADOS;RECARGA MARIA CLARA;02558157000162 ;VIVO - TELEFONICA BRASIL S/A -; ;SAO PAULO;SP; ;               ;           ;TELEFONIA MOVEL               ;;5.03.01.01.0015;2.01.01.10.0020;     2152; ;         20,00;         20,00;         20,00;          0,00;          0,00;         20,00;01/06/2026;wramos  ;26/05/2026;26/05/2026;26/05/2026;          ;26/05/2026;MTZ;LIQU;;;;000 ;1304;4 DESPESAS ADM;05/26
6;1;   606;01;748;  710;     88761;TRANSFERENCIA;     20,00;;01/06/2026;26/05/2026;CONCILIADO;wramos  
5;1;   607;01;5403;PEDAGIOS;PEDAGIO STRADA;04143037000120 ;AUTO POSTO BROTAS LTDA; ;ITATIBA;SP; ;               ;           ;;;5.02.02.01.0013;2.01.01.10.0020;   854125; ;         23,90;         23,90;         23,90;          0,00;          0,00;         23,90;01/06/2026;wramos  ;26/05/2026;26/05/2026;26/05/2026;          ;26/05/2026;MTZ;LIQU;;;;000 ;1949;5 DESPESAS OPERACIONAL;05/26
6;1;   607;01;748;  710;     88761;TRANSFERENCIA;     23,90;;01/06/2026;26/05/2026;CONCILIADO;wramos  
5;1;   608;01;5306;TELEFONIA E COMUNICACAO DE DADOS;RECARGA RODRIGO;02558157000162 ;VIVO - TELEFONICA BRASIL S/A -; ;SAO PAULO;SP; ;               ;           ;TELEFONIA MOVEL               ;;5.03.01.01.0015;2.01.01.10.0020;     1254; ;         30,00;         30,00;         30,00;          0,00;          0,00;         30,00;01/06/2026;wramos  ;27/05/2026;27/05/2026;27/05/2026;          ;27/05/2026;MTZ;LIQU;;;;000 ;1304;4 DESPESAS ADM;05/26
6;1;   608;01;748;  710;     88761;TRANSFERENCIA;     30,00;;01/06/2026;27/05/2026;CONCILIADO;wramos  
5;1;   609;01;5403;PEDAGIOS;PEDAGIO ;04143037000120 ;AUTO POSTO BROTAS LTDA; ;ITATIBA;SP; ;               ;           ;;;5.02.02.01.0013;2.01.01.10.0020;   854580; ;         37,80;         37,80;         37,80;          0,00;          0,00;         37,80;01/06/2026;wramos  ;28/05/2026;28/05/2026;28/05/2026;          ;28/05/2026;FRT;LIQU;;;;000 ;1949;5 DESPESAS OPERACIONAL;05/26
6;1;   609;01;748;  710;     88761;TRANSFERENCIA;     37,80;;01/06/2026;28/05/2026;CONCILIADO;wramos  
5;1;   610;01;5403;PEDAGIOS;PEDAGIO;04143037000120 ;AUTO POSTO BROTAS LTDA; ;ITATIBA;SP; ;               ;           ;;;5.02.02.01.0013;2.01.01.10.0020;     1252; ;         39,00;         39,00;         39,00;          0,00;          0,00;         39,00;01/06/2026;wramos  ;01/06/2026;01/06/2026;01/06/2026;          ;01/06/2026;FRT;LIQU;;;;000 ;1949;5 DESPESAS OPERACIONAL;06/26
6;1;   610;01;748;  710;     88761;TRANSFERENCIA;     39,00;;01/06/2026;01/06/2026;CONCILIADO;wramos  
5;1;   611;01;5403;PEDAGIOS;REEMBOLSO PEDAGIO WELLINGTON MARILIA;00032071194845 ;WELLINGTON TEIXEIRA RAMOS; ;APARECIDA;SP; ;               ;           ;REEMBOLSO                     ;;5.02.02.01.0013;2.01.01.10.0020; 85478555; ;        106,00;        106,00;        106,00;          0,00;          0,00;        106,00;01/06/2026;wramos  ;01/06/2026;26/05/2026;01/06/2026;          ;26/05/2026;MTZ;LIQU;;;;000 ;1949;5 DESPESAS OPERACIONAL;05/26
6;1;   611;01;748;  710;     88761;TRANSFERENCIA;    106,00;;01/06/2026;01/06/2026;CONCILIADO;wramos  
5;1;   612;01;5403;PEDAGIOS;PEDAGIO STRADA;10678505000163 ;CONCESSIONARIA ROD DO TIETE S.; ;SALTO;SP; ;               ;           ;PEDAGIO                       ;;5.02.02.01.0013;2.01.01.10.0020;      125; ;          4,40;          4,40;          4,40;          0,00;          0,00;          4,40;01/06/2026;wramos  ;26/05/2026;26/05/2026;26/05/2026;          ;26/05/2026;MTZ;LIQU;;;;000 ;1949;5 DESPESAS OPERACIONAL;06/26
6;1;   612;01;748;  710;     88761;TRANSFERENCIA;      4,40;;01/06/2026;26/05/2026;CONCILIADO;wramos  
5;1;   613;01;5210;ACERTO CONTA FORNECEDOR;FATURA E4LOG REFERENTE A SEGUNDA QUINZENA DE MAIO;27773153000128 ;E4LOG SOLUCOES LOGISTICAS LTDA; ;ITATIBA;SP;BANCO ITAU S.A. 341 / 7446- / 22350-0;               ;           ;TRANSPORTADORA                ;;2.01.01.30.0020;2.01.01.10.0017;   320966; ;    122.580,05;    122.580,05;    122.580,05;          0,00;          0,00;    122.580,05;02/06/2026;mclara  ;01/07/2026;29/05/2026;01/07/2026;          ;29/05/2026;MTZ;LIQU;;;;000 ;1949;4 DESPESAS ADM;06/26
6;1;   613;01;748;  710;     88761;TRANSFERENCIA;122.580,05;;30/06/2026;30/06/2026;CONCILIADO;wramos  
5;1;   614;01;5317;TARIFA BANCARIA;IOF;01181521000155 ;BANCO COOPERATIVO SICREDI SA; ;PORTO ALEGRE;RS; ;               ;           ;BANCO COOPERATIVO             ;;5.09.01.01.0020;2.01.01.10.0020;     8888; ;          0,04;          0,04;          0,04;          0,00;          0,00;          0,04;03/06/2026;wramos  ;01/06/2026;01/06/2026;01/06/2026;          ;01/06/2026;MTZ;LIQU;;;;000 ;2949;99 OUTROS;05/26
6;1;   614;01;748;  710;     88761;TRANSFERENCIA;      0,04;;03/06/2026;01/06/2026;CONCILIADO;wramos  
5;1;   615;01;5403;PEDAGIOS;PEDAGIO;10678505000163 ;CONCESSIONARIA ROD DO TIETE S.; ;SALTO;SP; ;               ;           ;PEDAGIO                       ;;5.02.02.01.0013;2.01.01.10.0020;     1251; ;         74,10;         74,10;         74,10;          0,00;          0,00;         74,10;03/06/2026;wramos  ;02/06/2026;02/06/2026;02/06/2026;          ;02/06/2026;FRT;LIQU;;;;000 ;1949;5 DESPESAS OPERACIONAL;06/26
6;1;   615;01;748;  710;     88761;TRANSFERENCIA;     74,10;;03/06/2026;02/06/2026;CONCILIADO;wramos  
5;1;   616;01;5403;PEDAGIOS;PEDAGIO;10678505000163 ;CONCESSIONARIA ROD DO TIETE S.; ;SALTO;SP; ;               ;           ;PEDAGIO                       ;;5.02.02.01.0013;2.01.01.10.0020;   854555; ;         35,10;         35,10;         35,10;          0,00;          0,00;         35,10;03/06/2026;wramos  ;03/06/2026;03/06/2026;03/06/2026;          ;03/06/2026;FRT;LIQU;;;;000 ;1949;5 DESPESAS OPERACIONAL;06/26
6;1;   616;01;748;  710;     88761;TRANSFERENCIA;     35,10;;03/06/2026;03/06/2026;CONCILIADO;wramos  
5;1;   617;01;5407;COMBUSTIVEIS E LUBRIFICANTES;211 - ARLA 32 DIESEL S10;13177207000188 ;CENTAURUS PARK CENTRO AUTOMOTI; ;ITATIBA;SP; ;               ;           ;;;5.02.01.01.0010;2.01.01.10.0017;     3538;35260613177207000188550020000035381092342512 ;      1.340,86;      1.340,86;      1.340,86;          0,00;          0,00;      1.340,86;03/06/2026;wramos  ;09/06/2026;02/06/2026;09/06/2026;          ;02/06/2026;FRT;LIQU;;;;000 ;1949;5 DESPESAS OPERACIONAL;06/26
6;1;   617;01;756; 3214;    161485;TRANSFERENCIA;  1.340,86;;14/06/2026;08/06/2026;CONCILIADO;wramos  
5;1;   618;01;5210;ACERTO CONTA FORNECEDOR;PAGAMENTO MARIA CLARA;50677123000130 ;50.677.123 MARIA CLARA GOMES F;50677123000130 ;INDAIATUBA;SP; ;               ;           ;DIGITACAO DE DOCUMENTOS       ;;2.01.01.30.0020;2.01.01.10.0017;  2157485; ;      4.600,00;      4.600,00;      4.600,00;          0,00;          0,00;      4.600,00;03/06/2026;wramos  ;05/06/2026;01/06/2026;05/06/2026;          ;01/06/2026;FRT;CANC;;;;000 ;1949;4 DESPESAS ADM;05/26
5;1;   619;01;5216;SALARIOS;PAGAMENTO MARIA CLARA SERVICOS PRESTADOS MAIO 26;50677123000130 ;50.677.123 MARIA CLARA GOMES F;50677123000130 ;INDAIATUBA;SP; ;               ;           ;DIGITACAO DE DOCUMENTOS       ;;5.02.03.01.0013;2.01.01.15.0010;    85458; ;      4.600,00;      4.600,00;      4.600,00;          0,00;          0,00;      4.600,00;03/06/2026;wramos  ;05/06/2026;01/06/2026;03/06/2026;          ;01/06/2026;MTZ;LIQU;;;;000 ;1949;15 OBRIGACOES TRABALHISTAS;05/26
6;1;   619;01;748;  710;     88761;TRANSFERENCIA;  4.600,00;;03/06/2026;03/06/2026;CONCILIADO;wramos  
5;1;   620;01;5103;FRETE COLETA/ENTREGA DE VEICULOS TERCEIROS;PAGAMENTO 9 VIAGENS COLETA SOLFACIL MAIO;55008868000120 ;BWT LOGISTICA TRANSPORTES E LO; ;SAO JOSE DOS CAMPOS;SP;SICREDI 748 / 0710- / 88761-8;55008868000120 ;BWT LOGISTI;ALUGUEL DE EQUIPAMENTO        ;;5.02.02.01.0020;2.01.01.30.0013;   125215; ;      9.000,00;      9.000,00;      9.000,00;          0,00;          0,00;      9.000,00;03/06/2026;wramos  ;05/06/2026;01/06/2026;03/06/2026;          ;01/06/2026;MTZ;LIQU;;;;000 ;1351;14 SERVICOS TERCEIROS;05/26
6;1;   620;01;748;  710;     88761;TRANSFERENCIA;  9.000,00;;03/06/2026;03/06/2026;CONCILIADO;wramos  
5;1;   621;01;5103;FRETE COLETA/ENTREGA DE VEICULOS TERCEIROS;FRETE SOLFACIL DOUGLAS;00039456000818 ;CLAUDIA BEATRIZ DE ALMEIDA; ;ITATIBA;SP; ;               ;           ;FRETE                         ;;5.02.02.01.0020;2.01.01.30.0013;    12545; ;        500,00;        500,00;        500,00;          0,00;          0,00;        500,00;04/06/2026;wramos  ;03/06/2026;03/06/2026;03/06/2026;          ;03/06/2026;MTZ;LIQU;;;;000 ;1351;14 SERVICOS TERCEIROS;06/26
6;1;   621;01;748;  710;     88761;TRANSFERENCIA;    500,00;;04/06/2026;03/06/2026;CONCILIADO;wramos  
5;1;   622;01;5103;FRETE COLETA/ENTREGA DE VEICULOS TERCEIROS;GUINCHO EMPILHADEIRA;00040304249882 ;TOCO GUINCHO 24H - MARCO AUREL; ;ITATIBA;SP; ;               ;           ;GUINCHO                       ;;5.02.02.01.0020;2.01.01.30.0013;      122; ;        600,00;        600,00;        600,00;          0,00;          0,00;        600,00;04/06/2026;wramos  ;03/06/2026;03/06/2026;03/06/2026;          ;03/06/2026;MTZ;LIQU;;;;000 ;1351;14 SERVICOS TERCEIROS;06/26
6;1;   622;01;748;  710;     88761;TRANSFERENCIA;    600,00;;04/06/2026;03/06/2026;CONCILIADO;wramos  
5;1;   623;01;5466;PRO-LABORE;PRO LABORE BRUNO;00035987892899 ;BRUNO DA SILVA OLIVEIRA; ;INDAIATUBA;SP; ;               ;           ;COMERCIAL                     ;;;;    12541; ;      6.000,00;      6.000,00;      6.000,00;          0,00;          0,00;      6.000,00;04/06/2026;wramos  ;03/06/2026;03/06/2026;03/06/2026;          ;03/06/2026;MTZ;LIQU;;;;000 ;0000;4 DESPESAS ADM;05/26
6;1;   623;01;748;  710;     88761;TRANSFERENCIA;  6.000,00;;04/06/2026;03/06/2026;CONCILIADO;wramos  
5;1;   624;01;5466;PRO-LABORE;PRO LABORE WELLINGTON;00032071194845 ;WELLINGTON TEIXEIRA RAMOS; ;APARECIDA;SP; ;               ;           ;REEMBOLSO                     ;;;;    87953; ;      6.000,00;      6.000,00;      6.000,00;          0,00;          0,00;      6.000,00;04/06/2026;wramos  ;05/06/2026;04/06/2026;05/06/2026;          ;04/06/2026;MTZ;LIQU;;;;000 ;0000;4 DESPESAS ADM;05/26
6;1;   624;01;748;  710;     88761;TRANSFERENCIA;  6.000,00;;05/06/2026;05/06/2026;CONCILIADO;wramos  
5;1;   625;01;5216;SALARIOS;ADIANTAMENTO SALARIAL;00020323493882 ;RODRIGO PASSIONI; ;ITATIBA;SP; ;               ;           ;CARRETEIRO                    ;;5.02.03.01.0013;2.01.01.15.0010;    84757; ;      1.520,00;      1.520,00;      1.520,00;          0,00;          0,00;      1.520,00;04/06/2026;wramos  ;20/05/2026;19/05/2026;19/05/2026;          ;19/05/2026;FRT;LIQU;;;;000 ;1949;15 OBRIGACOES TRABALHISTAS;05/26
6;1;   625;01;756; 3214;    161485;TRANSFERENCIA;  1.520,00;;04/06/2026;19/05/2026;CONCILIADO;wramos  
5;1;   626;01;5409;MANUTENCAO E CONSERVACAO DE VEICULOS;MANUNTENCAO CARRETA KDF;48718251000132 ;FPL SERVICOS LTDA; ;TAUBATE;SP; ;               ;           ;MANUTENCAO SIDER              ;;5.02.01.01.0017;2.01.01.10.0017;     8548; ;      1.500,00;      1.500,00;      1.500,00;          0,00;          0,00;      1.500,00;04/06/2026;wramos  ;20/05/2026;20/05/2026;20/05/2026;          ;20/05/2026;FRT;LIQU;;;;000 ;1949;5 DESPESAS OPERACIONAL;05/26
6;1;   626;01;756; 3214;    161485;TRANSFERENCIA;  1.500,00;;04/06/2026;20/05/2026;CONCILIADO;wramos  
5;1;   627;01;5409;MANUTENCAO E CONSERVACAO DE VEICULOS;MANUTENCAO ELETRICA CARRETA KDF;58172456000119 ;TRUCK CENTER REFORMAS E MANUTE; ;CACAPAVA;SP; ;               ;           ;MANUTENCAO                    ;;5.02.01.01.0017;2.01.01.10.0017;        1; ;        310,00;        310,00;        310,00;          0,00;          0,00;        310,00;04/06/2026;wramos  ;21/05/2026;21/05/2026;21/05/2026;          ;21/05/2026;FRT;LIQU;;;;000 ;1949;5 DESPESAS OPERACIONAL;05/26
6;1;   627;01;756; 3214;    161485;TRANSFERENCIA;    310,00;;04/06/2026;21/05/2026;CONCILIADO;wramos  
5;1;   628;01;5806;SISTEMA;CONSULTA SERASA;62173620000180 ;SERASA S.A.; ;SAO CARLOS;SP; ;               ;           ;SERASA                        ;;;;   178487; ;         64,99;         64,99;         64,99;          0,00;          0,00;         64,99;04/06/2026;wramos  ;28/05/2026;28/05/2026;28/05/2026;          ;28/05/2026;FRT;LIQU;;;;000 ;0000;4 DESPESAS ADM;05/26
6;1;   628;01;756; 3214;    161485;TRANSFERENCIA;     64,99;;04/06/2026;28/05/2026;CONCILIADO;wramos  
5;1;   629;01;5409;MANUTENCAO E CONSERVACAO DE VEICULOS;TROCA PNEU STEP CARRETA CSY;39373858000137 ;BORRACHARIA DO BARAO; ;ITATIBA;SP; ;               ;           ;213-5 - EMPRESARIO (INDIVIDUAL;;5.02.01.01.0017;2.01.01.10.0017;     1251; ;         50,00;         50,00;         50,00;          0,00;          0,00;         50,00;04/06/2026;wramos  ;28/05/2026;28/05/2026;28/05/2026;          ;28/05/2026;FRT;LIQU;;;;000 ;1949;5 DESPESAS OPERACIONAL;05/26
6;1;   629;01;756; 3214;    161485;TRANSFERENCIA;     50,00;;04/06/2026;28/05/2026;CONCILIADO;wramos  
5;1;   630;01;5409;MANUTENCAO E CONSERVACAO DE VEICULOS;CONSERTO PNEU CARRETA APQ;13177207000188 ;CENTAURUS PARK CENTRO AUTOMOTI; ;ITATIBA;SP; ;               ;           ;;;5.02.01.01.0017;2.01.01.10.0017;     8548; ;         80,00;         80,00;         80,00;          0,00;          0,00;         80,00;04/06/2026;wramos  ;29/05/2026;29/05/2026;29/05/2026;          ;29/05/2026;FRT;LIQU;;;;000 ;1949;5 DESPESAS OPERACIONAL;05/26
6;1;   630;01;756; 3214;    161485;TRANSFERENCIA;     80,00;;04/06/2026;29/05/2026;CONCILIADO;wramos  
5;1;   631;01;5409;MANUTENCAO E CONSERVACAO DE VEICULOS;MANUTENCAO CARRETA APQ;03978611000105 ;LANFRANCHI E LOSSAVARO LTDA ME; ;ITATIBA;SP; ;               ;           ;;;5.02.01.01.0017;2.01.01.10.0017;        2; ;        648,00;        648,00;        648,00;          0,00;          0,00;        648,00;04/06/2026;wramos  ;29/05/2026;29/05/2026;29/05/2026;          ;29/05/2026;FRT;LIQU;;;;000 ;1949;5 DESPESAS OPERACIONAL;05/26
6;1;   631;01;756; 3214;    161485;TRANSFERENCIA;    648,00;;04/06/2026;29/05/2026;CONCILIADO;wramos  
5;1;   632;01;5244;MATERIAL DE ESCRITORIO;BOTINA RODRIGO;10573521000191 ;MERCADOPAGO.COM REPRESENTACOES; ;OSASCO;SP; ;               ;           ;COMERCIO DIVERSOS PRODUTOS    ;;5.03.01.01.0023;2.01.01.10.0017;        1; ;        119,91;        119,91;        119,91;          0,00;          0,00;        119,91;04/06/2026;wramos  ;29/05/2026;29/05/2026;29/05/2026;          ;29/05/2026;FRT;LIQU;;;;000 ;1556;4 DESPESAS ADM;05/26
6;1;   632;01;756; 3214;    161485;TRANSFERENCIA;    119,91;;04/06/2026;29/05/2026;CONCILIADO;wramos  
5;1;   633;01;5844;PAGAMENTO EMPRESTIMO;PAGAMENTO PARCELA FINANCIAMENTO SANTANDER;00032071194845 ;WELLINGTON TEIXEIRA RAMOS; ;APARECIDA;SP; ;               ;           ;REEMBOLSO                     ;;;;  8457874; ;      1.335,00;      1.335,00;      1.335,00;          0,00;          0,00;      1.335,00;04/06/2026;wramos  ;29/05/2026;29/05/2026;29/05/2026;          ;29/05/2026;FRT;LIQU;;;;000 ;0000;4 DESPESAS ADM;05/26
6;1;   633;01;756; 3214;    161485;TRANSFERENCIA;  1.335,00;;04/06/2026;29/05/2026;CONCILIADO;wramos  
5;1;   634;01;5246;VALE REFEICAO;VALE ALIMENTACAO RODRIGO;00020323493882 ;RODRIGO PASSIONI; ;ITATIBA;SP; ;               ;           ;CARRETEIRO                    ;;5.02.03.01.0066;2.01.01.10.0020;    85478; ;        770,00;        770,00;        770,00;          0,00;          0,00;        770,00;04/06/2026;wramos  ;01/06/2026;01/06/2026;01/06/2026;          ;01/06/2026;FRT;LIQU;;;;000 ;1949;15 OBRIGACOES TRABALHISTAS;06/26
6;1;   634;01;756; 3214;    161485;TRANSFERENCIA;    770,00;;04/06/2026;01/06/2026;CONCILIADO;wramos  
5;1;   635;01;5317;TARIFA BANCARIA;MANUTENCAO C/C;02038232000164 ;BANCO SICOOB; ;BARUERI;SP; ;               ;           ;BANCO                         ;;5.09.01.01.0020;2.01.01.10.0020;       12; ;         19,90;         19,90;         19,90;          0,00;          0,00;         19,90;04/06/2026;wramos  ;01/06/2026;01/06/2026;01/06/2026;          ;01/06/2026;FRT;LIQU;;;;000 ;1949;99 OUTROS;06/26
6;1;   635;01;756; 3214;    161485;TRANSFERENCIA;     19,90;;04/06/2026;01/06/2026;CONCILIADO;wramos  
5;1;   636;01;5409;MANUTENCAO E CONSERVACAO DE VEICULOS;CONSERTO BEXIGAO CARRETA APQ;00029153661877 ;CINARA DE SOUZA MENDES; ;SANTA BARBARA D OESTE;SP; ;               ;           ;MOLAS                         ;;5.02.01.01.0017;2.01.01.10.0017;      878; ;      4.650,00;      4.650,00;      2.000,00;          0,00;          0,00;      2.000,00;04/06/2026;wramos  ;02/06/2026;02/06/2026;02/06/2026;          ;02/06/2026;FRT;LIQU;;;;000 ;1949;5 DESPESAS OPERACIONAL;06/26
6;1;   636;01;756; 3214;    161485;TRANSFERENCIA;  2.000,00;;04/06/2026;02/06/2026;CONCILIADO;wramos  
5;1;   636;02;5409;MANUTENCAO E CONSERVACAO DE VEICULOS;CONSERTO BEXIGAO CARRETA APQ;00029153661877 ;CINARA DE SOUZA MENDES; ;SANTA BARBARA D OESTE;SP; ;               ;           ;MOLAS                         ;;5.02.01.01.0017;2.01.01.10.0017;      878; ;      4.650,00;      4.650,00;      2.650,00;          0,00;          0,00;      2.650,00;04/06/2026;wramos  ;10/07/2026;02/06/2026;16/07/2026;          ;02/06/2026;FRT;LIQU;;;;000 ;1949;5 DESPESAS OPERACIONAL;05/26
6;1;   636;02;756; 3214;    161485;TRANSFERENCIA;  2.650,00;;16/07/2026;16/07/2026;CONCILIADO;wramos  
5;1;   637;01;5241;ESTACIONAMENTOS;ESTACIONAMENTO CARRETA;11088658000113 ;ANTONIO DE PADUA  CONSTANT PIR; ;ITUPEVA;SP; ;               ;           ;FAZENDA                       ;;5.06.01.01.0030;2.01.01.10.0020;       12; ;        400,00;        400,00;        400,00;          0,00;          0,00;        400,00;04/06/2026;wramos  ;03/06/2026;03/06/2026;03/06/2026;          ;03/06/2026;FRT;LIQU;;;;000 ;1949;5 DESPESAS OPERACIONAL;05/26
6;1;   637;01;756; 3214;    161485;TRANSFERENCIA;    400,00;;04/06/2026;03/06/2026;CONCILIADO;wramos  
5;1;   638;01;5216;SALARIOS;SALARIO RODRIGO;00020323493882 ;RODRIGO PASSIONI; ;ITATIBA;SP; ;               ;           ;CARRETEIRO                    ;;5.02.03.01.0013;2.01.01.15.0010;      854; ;      2.346,21;      2.346,21;      2.346,21;          0,00;          0,00;      2.346,21;04/06/2026;wramos  ;05/06/2026;03/06/2026;03/06/2026;          ;03/06/2026;FRT;LIQU;;;;000 ;1949;15 OBRIGACOES TRABALHISTAS;05/26
6;1;   638;01;756; 3214;    161485;TRANSFERENCIA;  2.346,21;;04/06/2026;03/06/2026;CONCILIADO;wramos  
5;1;   639;01;5210;ACERTO CONTA FORNECEDOR;MANUTENCAO DA STRADA MD SOM;00035987892899 ;BRUNO DA SILVA OLIVEIRA; ;INDAIATUBA;SP; ;               ;           ;COMERCIAL                     ;;2.01.01.30.0020;2.01.01.10.0017;     8545; ;      2.664,00;      2.664,00;        666,00;          0,00;          0,00;        666,00;05/06/2026;wramos  ;10/06/2026;29/05/2026;10/06/2026;          ;29/05/2026;MTZ;LIQU;;;;000 ;1949;4 DESPESAS ADM;05/26
6;1;   639;01;748;  710;     88761;TRANSFERENCIA;    666,00;;05/06/2026;05/06/2026;CONCILIADO;wramos  
5;1;   639;02;5210;ACERTO CONTA FORNECEDOR;MANUTENCAO DA STRADA MD SOM;00035987892899 ;BRUNO DA SILVA OLIVEIRA; ;INDAIATUBA;SP; ;               ;           ;COMERCIAL                     ;;2.01.01.30.0020;2.01.01.10.0017;     8545; ;      2.664,00;      2.664,00;        666,00;          0,00;          0,00;        666,00;05/06/2026;wramos  ;10/07/2026;29/05/2026;13/07/2026;          ;29/05/2026;MTZ;LIQU;;;;000 ;1949;4 DESPESAS ADM;07/26
6;1;   639;02;748;  710;     88761;TRANSFERENCIA;    666,00;;13/07/2026;13/07/2026;CONCILIADO;wramos  
5;1;   640;01;5409;MANUTENCAO E CONSERVACAO DE VEICULOS;61 - PINO DE CENTRO 9 16 X 7 MANUTENCAO CARRETA KDF;37337605000182 ;FREITAS E FREITAS COMERCIO DE ; ;CACAPAVA;SP; ;               ;           ;;;5.02.01.01.0017;2.01.01.10.0017;     5989;35260537337605000182550010000059891862697248 ;      4.186,12;      4.186,14;      1.395,38;          0,00;          0,00;      1.395,38;05/06/2026;wramos  ;10/06/2026;19/05/2026;05/06/2026;          ;05/06/2026;FRT;LIQU;;;;000 ;1949;5 DESPESAS OPERACIONAL;05/26
6;1;   640;01;756; 3214;    161485;TRANSFERENCIA;  1.395,38;;05/06/2026;05/06/2026;CONCILIADO;wramos  
5;1;   640;02;5409;MANUTENCAO E CONSERVACAO DE VEICULOS;61 - PINO DE CENTRO 9 16 X 7 MANUTENCAO CARRETA KDF;37337605000182 ;FREITAS E FREITAS COMERCIO DE ; ;CACAPAVA;SP; ;               ;           ;;;5.02.01.01.0017;2.01.01.10.0017;     5989;35260537337605000182550010000059891862697248 ;      4.186,12;      4.186,14;      1.395,38;          0,00;          0,00;      1.395,38;05/06/2026;wramos  ;10/07/2026;19/05/2026;13/07/2026;          ;05/06/2026;FRT;LIQU;;;;000 ;1949;5 DESPESAS OPERACIONAL;07/26
6;1;   640;02;756; 3214;    161485;TRANSFERENCIA;  1.395,38;;13/07/2026;13/07/2026;CONCILIADO;wramos  
5;1;   641;01;5409;MANUTENCAO E CONSERVACAO DE VEICULOS;MANUTENCAO CARRETA KDF MINEIRO CACAPAVA;37337605000182 ;FREITAS E FREITAS COMERCIO DE ; ;CACAPAVA;SP; ;               ;           ;;;5.02.01.01.0017;2.01.01.10.0017;     7796; ;      2.130,00;      2.130,00;        710,00;          0,00;          0,00;        710,00;05/06/2026;wramos  ;10/06/2026;19/05/2026;05/06/2026;          ;19/05/2026;FRT;LIQU;;;;000 ;1949;5 DESPESAS OPERACIONAL;05/26
6;1;   641;01;756; 3214;    161485;TRANSFERENCIA;    710,00;;05/06/2026;05/06/2026;CONCILIADO;wramos  
5;1;   641;02;5409;MANUTENCAO E CONSERVACAO DE VEICULOS;MANUTENCAO CARRETA KDF MINEIRO CACAPAVA;37337605000182 ;FREITAS E FREITAS COMERCIO DE ; ;CACAPAVA;SP; ;               ;           ;;;5.02.01.01.0017;2.01.01.10.0017;     7796; ;      2.130,00;      2.130,00;        710,00;          0,00;          0,00;        710,00;05/06/2026;wramos  ;10/07/2026;19/05/2026;13/07/2026;          ;19/05/2026;FRT;LIQU;;;;000 ;1949;5 DESPESAS OPERACIONAL;07/26
6;1;   641;02;756; 3214;    161485;TRANSFERENCIA;    710,00;;13/07/2026;13/07/2026;CONCILIADO;wramos  
5;1;   642;01;5101;FRETE TRANSFERENCIA DE VEICULOS TERCEIROS;PAGAMENTO DO SALDO CTRB IND      7-8;31628453000190 ;DOUGLAS GADENS - TRANSPORTES; ;MONTE MOR;SP;SICOOB 756 / 3191- / 34746-9;               ;           ;;;5.02.02.01.0015;2.01.01.30.0010;      200; ;      1.312,22;      1.312,22;      1.312,22;          0,00;          0,00;      1.312,22;05/06/2026;mclara  ;05/06/2026;05/06/2026;05/06/2026;          ;05/06/2026;IND;CANC;;;;000 ;1351;14 SERVICOS TERCEIROS;06/26
5;1;   643;01;5202;COMISSAO DE VENDEDORES;COMISSAO SOLFACIL;09452472000150 ;TATONELLA ADMINISTRACAO EIRELI; ;INDAIATUBA;SP;BANCO DO BRASIL S.A. 1 / 2222-5 / 12345678-9;               ;           ;SERVIC DE OPERACAO E FORNECIME;;5.05.02.01.0010;2.01.01.10.0017;   878787; ;      7.217,79;      7.217,79;      7.217,79;          0,00;          0,00;      7.217,79;07/06/2026;wramos  ;10/06/2026;01/06/2026;10/06/2026;          ;01/06/2026;MTZ;LIQU;;;;000 ;1949;4 DESPESAS ADM;05/26
6;1;   643;01;748;  710;     88761;TRANSFERENCIA;  7.217,79;;08/06/2026;08/06/2026;CONCILIADO;wramos  
5;1;   644;01;5202;COMISSAO DE VENDEDORES;COMISSAO MAURICIO DESCONTADO PARA 123;09452472000150 ;TATONELLA ADMINISTRACAO EIRELI; ;INDAIATUBA;SP;BANCO DO BRASIL S.A. 1 / 2222-5 / 12345678-9;               ;           ;SERVIC DE OPERACAO E FORNECIME;;5.05.02.01.0010;2.01.01.10.0017;   878788; ;      1.542,42;      1.542,42;      1.542,42;          0,00;          0,00;      1.542,42;07/06/2026;wramos  ;10/06/2026;01/06/2026;10/06/2026;          ;01/06/2026;MTZ;LIQU;;;;000 ;1949;4 DESPESAS ADM;05/26
6;1;   644;01;748;  710;     88761;TRANSFERENCIA;  1.542,42;;08/06/2026;08/06/2026;CONCILIADO;wramos  
5;1;   645;01;5403;PEDAGIOS;SEM PARAR BRUNO;04088208000165 ;SEM PARAR INSTITUICAO DE PAGAM; ;SAO PAULO;SP; ;               ;           ;OPERACIONAL                   ;;5.02.02.01.0013;2.01.01.10.0020;     8787; ;         23,90;         23,90;         23,90;          0,00;          0,00;         23,90;12/06/2026;wramos  ;05/06/2026;05/06/2026;05/06/2026;          ;05/06/2026;MTZ;LIQU;;;;000 ;1949;5 DESPESAS OPERACIONAL;05/26
6;1;   645;01;748;  710;     88761;TRANSFERENCIA;     23,90;;12/06/2026;05/06/2026;CONCILIADO;wramos  
5;1;   646;01;5403;PEDAGIOS;PEDAGIO;04088208000165 ;SEM PARAR INSTITUICAO DE PAGAM; ;SAO PAULO;SP; ;               ;           ;OPERACIONAL                   ;;5.02.02.01.0013;2.01.01.10.0020;   854785; ;         74,10;         74,10;         74,10;          0,00;          0,00;         74,10;12/06/2026;wramos  ;05/06/2026;05/06/2026;05/06/2026;          ;05/06/2026;FRT;LIQU;;;;000 ;1949;5 DESPESAS OPERACIONAL;06/26
6;1;   646;01;748;  710;     88761;TRANSFERENCIA;     74,10;;12/06/2026;05/06/2026;CONCILIADO;wramos  
5;1;   647;01;5502;SEGURO DE CARGAS;SEGURO SOMPO;61383493000180 ;SOMPO SEGUROS S.A.; ;SAO PAULO;SP; ;               ;           ;SEGUROS NAO-VIDA              ;;5.06.01.01.0010;2.01.01.10.0020;   854854; ;      1.467,53;      1.467,53;      1.467,53;          0,00;          0,00;      1.467,53;12/06/2026;wramos  ;08/06/2026;01/06/2026;08/06/2026;          ;01/06/2026;MTZ;LIQU;;;;000 ;1949;5 DESPESAS OPERACIONAL;05/26
6;1;   647;01;748;  710;     88761;TRANSFERENCIA;  1.467,53;;12/06/2026;08/06/2026;CONCILIADO;wramos  
5;1;   648;01;5502;SEGURO DE CARGAS;SEGURO DE CARGA;61383493000180 ;SOMPO SEGUROS S.A.; ;SAO PAULO;SP; ;               ;           ;SEGUROS NAO-VIDA              ;;5.06.01.01.0010;2.01.01.10.0020;    85485; ;      1.467,53;      1.467,53;      1.467,53;          0,00;          0,00;      1.467,53;12/06/2026;wramos  ;08/06/2026;01/06/2026;08/06/2026;          ;01/06/2026;MTZ;LIQU;;;;000 ;1949;5 DESPESAS OPERACIONAL;05/26
6;1;   648;01;748;  710;     88761;TRANSFERENCIA;  1.467,53;;12/06/2026;08/06/2026;CONCILIADO;wramos  
5;1;   649;01;5900;SEGUROS;SEGURO DE VIDA RODRIGO;61573796000166 ;ALLIANZ  SEGUROS  S.A; ;SAO PAULO;SP; ;               ;           ;SEGUROS                       ;;;;      125; ;         54,46;         54,46;         54,46;          0,00;          0,00;         54,46;12/06/2026;wramos  ;20/06/2026;01/06/2026;08/06/2026;          ;01/06/2026;MTZ;CANC;;;;000 ;0000;4 DESPESAS ADM;05/26
5;1;   650;01;5555;RASTREADOR;RASTREADOR CAVALO EPU8A73;03112879000151 ;SASCAR TECNOLOGIA E SEGURANCA; ;BARUERI;SP; ;               ;           ;RASTREAMENTO DE VEICULOS      ;;;;        1; ;        598,26;        598,26;        598,26;          0,00;          0,00;        598,26;12/06/2026;wramos  ;08/06/2026;01/06/2026;08/06/2026;          ;01/06/2026;FRT;LIQU;;;;000 ;0000;5 DESPESAS OPERACIONAL;05/26
6;1;   650;01;748;  710;     88761;TRANSFERENCIA;    598,26;;12/06/2026;08/06/2026;CONCILIADO;wramos  
5;1;   651;01;5806;SISTEMA;FATURA CARTAO ANUIDADE ;01181521000155 ;BANCO COOPERATIVO SICREDI SA; ;PORTO ALEGRE;RS; ;               ;           ;BANCO COOPERATIVO             ;;;;    87458; ;         39,90;         39,90;         39,90;          0,00;          0,00;         39,90;12/06/2026;wramos  ;08/06/2026;01/06/2026;08/06/2026;          ;01/06/2026;MTZ;LIQU;;;;000 ;0000;4 DESPESAS ADM;05/26
6;1;   651;01;748;  710;     88761;TRANSFERENCIA;     39,90;;12/06/2026;08/06/2026;CONCILIADO;wramos  
5;1;   652;01;5403;PEDAGIOS;PEDAGIO;10678505000163 ;CONCESSIONARIA ROD DO TIETE S.; ;SALTO;SP; ;               ;           ;PEDAGIO                       ;;5.02.02.01.0013;2.01.01.10.0020;       54; ;         40,50;         40,50;         40,50;          0,00;          0,00;         40,50;12/06/2026;wramos  ;08/06/2026;08/06/2026;08/06/2026;          ;08/06/2026;FRT;LIQU;;;;000 ;1949;5 DESPESAS OPERACIONAL;06/26
6;1;   652;01;748;  710;     88761;TRANSFERENCIA;     40,50;;12/06/2026;08/06/2026;CONCILIADO;wramos  
5;1;   653;01;5103;FRETE COLETA/ENTREGA DE VEICULOS TERCEIROS;GUINCHO ALUGUEL EMPILHADEIRA;00040304249882 ;TOCO GUINCHO 24H - MARCO AUREL; ;ITATIBA;SP; ;               ;           ;GUINCHO                       ;;5.02.02.01.0020;2.01.01.30.0013;     8548; ;        600,00;        600,00;        600,00;          0,00;          0,00;        600,00;12/06/2026;wramos  ;08/06/2026;08/06/2026;08/06/2026;          ;08/06/2026;MTZ;LIQU;;;;000 ;1351;14 SERVICOS TERCEIROS;06/26
6;1;   653;01;748;  710;     88761;TRANSFERENCIA;    600,00;;12/06/2026;08/06/2026;CONCILIADO;wramos  
5;1;   654;01;5203;ALIMENTACAO;CAFE MAIS ALMOCO WELLINGTON/BRUNO;44379729000196 ;GENIVAL LANCHONETE E RESTAURAN; ;ITATIBA;SP; ;               ;           ;ALIMENTACAO                   ;;5.02.03.01.0065;2.01.01.10.0017;        1; ;        145,98;        145,98;        145,98;          0,00;          0,00;        145,98;12/06/2026;wramos  ;09/06/2026;09/06/2026;09/06/2026;          ;09/06/2026;MTZ;LIQU;;;;000 ;1949;15 OBRIGACOES TRABALHISTAS;06/26
6;1;   654;01;748;  710;     88761;TRANSFERENCIA;    145,98;;12/06/2026;09/06/2026;CONCILIADO;wramos  
5;1;   655;01;5403;PEDAGIOS;PEDAGIO;10678505000163 ;CONCESSIONARIA ROD DO TIETE S.; ;SALTO;SP; ;               ;           ;PEDAGIO                       ;;5.02.02.01.0013;2.01.01.10.0020;        9; ;         77,10;         77,10;         77,10;          0,00;          0,00;         77,10;12/06/2026;wramos  ;09/06/2026;09/06/2026;09/06/2026;          ;09/06/2026;FRT;LIQU;;;;000 ;1949;5 DESPESAS OPERACIONAL;06/26
6;1;   655;01;748;  710;     88761;TRANSFERENCIA;     77,10;;12/06/2026;09/06/2026;CONCILIADO;wramos  
5;1;   656;01;5403;PEDAGIOS;PEDAGIOS;10678505000163 ;CONCESSIONARIA ROD DO TIETE S.; ;SALTO;SP; ;               ;           ;PEDAGIO                       ;;5.02.02.01.0013;2.01.01.10.0020;       11; ;         84,80;         84,80;         84,80;          0,00;          0,00;         84,80;12/06/2026;wramos  ;10/06/2026;10/06/2026;10/06/2026;          ;10/06/2026;FRT;LIQU;;;;000 ;1949;5 DESPESAS OPERACIONAL;06/26
6;1;   656;01;748;  710;     88761;TRANSFERENCIA;     84,80;;06/07/2026;10/06/2026;CONCILIADO;wramos  
5;1;   657;01;5317;TARIFA BANCARIA;TARIFA MANUTENCAO C/C;01181521000155 ;BANCO COOPERATIVO SICREDI SA; ;PORTO ALEGRE;RS; ;               ;           ;BANCO COOPERATIVO             ;;5.09.01.01.0020;2.01.01.10.0020;       19; ;         31,98;         31,98;         31,98;          0,00;          0,00;         31,98;12/06/2026;wramos  ;10/06/2026;10/06/2026;10/06/2026;          ;10/06/2026;MTZ;LIQU;;;;000 ;2949;99 OUTROS;05/26
6;1;   657;01;748;  710;     88761;TRANSFERENCIA;     31,98;;12/06/2026;10/06/2026;CONCILIADO;wramos  
5;1;   658;01;5210;ACERTO CONTA FORNECEDOR;GASTO BRUNO ADEGA;00035987892899 ;BRUNO DA SILVA OLIVEIRA; ;INDAIATUBA;SP; ;               ;           ;COMERCIAL                     ;;2.01.01.30.0020;2.01.01.10.0017;     2125; ;        123,00;        123,00;        123,00;          0,00;          0,00;        123,00;12/06/2026;wramos  ;10/06/2026;10/06/2026;10/06/2026;          ;10/06/2026;MTZ;LIQU;;;;000 ;1949;4 DESPESAS ADM;06/26
6;1;   658;01;748;  710;     88761;TRANSFERENCIA;    123,00;;12/06/2026;10/06/2026;CONCILIADO;wramos  
5;1;   659;01;5403;PEDAGIOS;PEDAGIO;10678505000163 ;CONCESSIONARIA ROD DO TIETE S.; ;SALTO;SP; ;               ;           ;PEDAGIO                       ;;5.02.02.01.0013;2.01.01.10.0020;   125999; ;          7,70;          7,70;          7,70;          0,00;          0,00;          7,70;12/06/2026;wramos  ;11/06/2026;11/06/2026;11/06/2026;          ;11/06/2026;MTZ;LIQU;;;;000 ;1949;5 DESPESAS OPERACIONAL;06/26
6;1;   659;01;748;  710;     88761;TRANSFERENCIA;      7,70;;12/06/2026;11/06/2026;CONCILIADO;wramos  
5;1;   660;01;5317;TARIFA BANCARIA;TARIFA DE EMISSAO DE BOLETO;01181521000155 ;BANCO COOPERATIVO SICREDI SA; ;PORTO ALEGRE;RS; ;               ;           ;BANCO COOPERATIVO             ;;5.09.01.01.0020;2.01.01.10.0020;    25999; ;          3,00;          3,00;          3,00;          0,00;          0,00;          3,00;12/06/2026;wramos  ;11/06/2026;11/06/2026;11/06/2026;          ;11/06/2026;MTZ;CANC;;;;000 ;2949;99 OUTROS;06/26
5;1;   661;01;5402;SEGURO DE VEICULOS;SEGURO STRADA;29980158000157 ;HDI SEGUROS SA; ;SAO PAULO;SP; ;               ;           ;SEGURADORA                    ;;5.06.01.01.0013;2.01.01.10.0020;        1; ;      3.164,00;      3.164,00;        316,40;          0,00;          0,00;        316,40;12/06/2026;wramos  ;11/06/2026;01/06/2026;11/06/2026;          ;01/06/2026;MTZ;LIQU;;;;000 ;1949;5 DESPESAS OPERACIONAL;06/26
6;1;   661;01;748;  710;     88761;TRANSFERENCIA;    316,40;;20/06/2026;12/06/2026;CONCILIADO;wramos  
5;1;   661;02;5402;SEGURO DE VEICULOS;SEGURO STRADA;29980158000157 ;HDI SEGUROS SA; ;SAO PAULO;SP; ;               ;           ;SEGURADORA                    ;;5.06.01.01.0013;2.01.01.10.0020;        1; ;      3.164,00;      3.164,00;        316,40;          0,00;          0,00;        316,40;12/06/2026;wramos  ;11/07/2026;01/06/2026;13/07/2026;          ;01/06/2026;MTZ;LIQU;;;;000 ;1949;5 DESPESAS OPERACIONAL;07/26
6;1;   661;02;748;  710;     88761;TRANSFERENCIA;    316,40;;17/07/2026;13/07/2026;CONCILIADO;wramos  
5;1;   662;01;5402;SEGURO DE VEICULOS;SEGURO CAVALO EPU8A73;24051760000196 ;PRIME GESTAO - UNIVERSO AGV; ;BELO HORIZONTE;MG; ;               ;           ;SINISTRO: (81) 3093-7878      ;;5.06.01.01.0013;2.01.01.10.0020;       87; ;      1.093,47;      1.093,47;      1.093,47;          0,00;          0,00;      1.093,47;14/06/2026;wramos  ;08/06/2026;01/06/2026;08/06/2026;          ;01/06/2026;FRT;LIQU;;;;000 ;2949;5 DESPESAS OPERACIONAL;05/26
6;1;   662;01;756; 3214;    161485;TRANSFERENCIA;  1.093,47;;14/06/2026;08/06/2026;CONCILIADO;wramos  
5;1;   663;01;5317;TARIFA BANCARIA;TARIFA DE BAIXA DE TITULO;02038232000164 ;BANCO SICOOB; ;BARUERI;SP; ;               ;           ;BANCO                         ;;5.09.01.01.0020;2.01.01.10.0020; 87933365; ;         16,99;         16,99;         16,99;          0,00;          0,00;         16,99;14/06/2026;wramos  ;11/06/2026;11/06/2026;11/06/2026;          ;11/06/2026;FRT;LIQU;;;;000 ;1949;99 OUTROS;06/26
6;1;   663;01;756; 3214;    161485;TRANSFERENCIA;     16,99;;14/06/2026;11/06/2026;CONCILIADO;wramos  
5;1;   664;01;5407;COMBUSTIVEIS E LUBRIFICANTES;337 - ARLA 32 E DIESEL S10;13177207000188 ;CENTAURUS PARK CENTRO AUTOMOTI; ;ITATIBA;SP; ;               ;           ;;;5.02.01.01.0010;2.01.01.10.0017;     3581;35260613177207000188550020000035811132808690 ;      2.159,67;      2.159,67;      2.159,67;          0,00;          0,00;      2.159,67;14/06/2026;wramos  ;12/06/2026;12/06/2026;12/06/2026;          ;12/06/2026;MTZ;LIQU;;;;000 ;1949;5 DESPESAS OPERACIONAL;06/26
6;1;   664;01;756; 3214;    161485;TRANSFERENCIA;  2.159,67;;14/06/2026;12/06/2026;CONCILIADO;wramos  
5;1;   665;01;5317;TARIFA BANCARIA;TARIFA DE BOLETO;02038232000164 ;BANCO SICOOB; ;BARUERI;SP; ;               ;           ;BANCO                         ;;5.09.01.01.0020;2.01.01.10.0020;        8; ;          1,80;          1,80;          1,80;          0,00;          0,00;          1,80;14/06/2026;wramos  ;12/06/2026;12/06/2026;12/06/2026;          ;12/06/2026;FRT;LIQU;;;;000 ;1949;99 OUTROS;06/26
6;1;   665;01;756; 3214;    161485;TRANSFERENCIA;      1,80;;14/06/2026;12/06/2026;CONCILIADO;wramos  
5;1;   666;01;5466;PRO-LABORE;ANTECIPACAO BRUNO PRO-LABORE;00035987892899 ;BRUNO DA SILVA OLIVEIRA; ;INDAIATUBA;SP; ;               ;           ;COMERCIAL                     ;;;;  8545111; ;      2.000,00;      2.000,00;      2.000,00;          0,00;          0,00;      2.000,00;14/06/2026;wramos  ;12/06/2026;12/06/2026;12/06/2026;          ;12/06/2026;MTZ;LIQU;;;;000 ;0000;4 DESPESAS ADM;06/26
6;1;   666;01;748;  710;     88761;TRANSFERENCIA;  2.000,00;;14/06/2026;12/06/2026;CONCILIADO;wramos  
5;1;   667;01;5416;INSS;INSS SOBRE FOLHA;00394460005887 ;MINISTERIO ECONOMIA RECEITA FE; ;BRASILIA;DF; ;               ;           ;IMPOSTOS                      ;;2.01.01.20.0017;2.01.01.25.0023;  8796458; ;      2.131,93;      2.131,93;      2.131,93;          0,00;          0,00;      2.131,93;17/06/2026;wramos  ;20/06/2026;01/06/2026;17/06/2026;          ;01/06/2026;MTZ;LIQU;;;;000 ;2949;1 IMPOSTOS;05/26
6;1;   667;01;748;  710;     88761;TRANSFERENCIA;  2.131,93;;17/06/2026;17/06/2026;CONCILIADO;wramos  
5;1;   668;01;5210;ACERTO CONTA FORNECEDOR;FATURA E4LOG PRIMEIRA QUINZENA DE JUNHO;27773153000128 ;E4LOG SOLUCOES LOGISTICAS LTDA; ;ITATIBA;SP;BANCO ITAU S.A. 341 / 7446- / 22350-0;               ;           ;TRANSPORTADORA                ;;2.01.01.30.0020;2.01.01.10.0017;   162386; ;    110.441,79;    110.441,79;    110.441,79;          0,00;          0,00;    110.441,79;17/06/2026;mclara  ;16/07/2026;15/06/2026;16/07/2026;          ;15/06/2026;MTZ;LIQU;;;;000 ;1949;4 DESPESAS ADM;06/26
6;1;   668;01;748;  710;     88761;TRANSFERENCIA;110.441,79;;16/07/2026;16/07/2026;CONCILIADO;wramos  
5;1;   669;01;5900;SEGUROS;SEGURO ALUGUEL BRUNO;00035987892899 ;BRUNO DA SILVA OLIVEIRA; ;INDAIATUBA;SP; ;               ;           ;COMERCIAL                     ;;;;     8547; ;        539,92;        539,92;        539,92;          0,00;          0,00;        539,92;19/06/2026;wramos  ;20/06/2026;19/05/2026;22/06/2026;          ;19/05/2026;MTZ;LIQU;;;;000 ;0000;4 DESPESAS ADM;05/26
6;1;   669;01;748;  710;     88761;TRANSFERENCIA;    539,92;;19/06/2026;19/06/2026;CONCILIADO;wramos  
5;1;   670;01;5256;COFINS;COFINS;00394460005887 ;MINISTERIO ECONOMIA RECEITA FE; ;BRASILIA;DF; ;               ;           ;IMPOSTOS                      ;;2.01.01.25.0042;2.01.01.25.0023;     8548; ;      8.766,36;      8.766,36;      8.766,36;          0,00;          0,00;      8.766,36;19/06/2026;wramos  ;19/06/2026;01/06/2026;19/06/2026;          ;01/06/2026;MTZ;LIQU;;;;000 ;2949;1 IMPOSTOS;05/26
6;1;   670;01;748;  710;     88761;TRANSFERENCIA;  8.766,36;;19/06/2026;19/06/2026;CONCILIADO;wramos  
5;1;   671;01;5115;PIS;PIS;00394460005887 ;MINISTERIO ECONOMIA RECEITA FE; ;BRASILIA;DF; ;               ;           ;IMPOSTOS                      ;;2.01.01.25.0041;2.01.01.25.0023;      214; ;      1.899,38;      1.899,38;      1.899,38;          0,00;          0,00;      1.899,38;19/06/2026;wramos  ;20/06/2026;01/06/2026;19/06/2026;          ;01/06/2026;MTZ;LIQU;;;;000 ;2949;1 IMPOSTOS;05/26
6;1;   671;01;748;  710;     88761;TRANSFERENCIA;  1.899,38;;19/06/2026;19/06/2026;CONCILIADO;wramos  
5;1;   672;01;5466;PRO-LABORE;PRO LABORE;00032071194845 ;WELLINGTON TEIXEIRA RAMOS; ;APARECIDA;SP; ;               ;           ;REEMBOLSO                     ;;;;     8547; ;      6.000,00;      6.000,00;      6.000,00;          0,00;          0,00;      6.000,00;19/06/2026;wramos  ;20/06/2026;01/06/2026;19/06/2026;          ;01/06/2026;MTZ;LIQU;;;;000 ;0000;4 DESPESAS ADM;06/26
6;1;   672;01;748;  710;     88761;TRANSFERENCIA;  6.000,00;;19/06/2026;19/06/2026;CONCILIADO;wramos  
5;1;   673;01;5213;ADIANTAMENTO SALARIOS;ADIANTAMENTO SALARIAL;00020323493882 ;RODRIGO PASSIONI; ;ITATIBA;SP; ;               ;           ;CARRETEIRO                    ;;5.02.03.01.0013;2.01.01.15.0010;     8547; ;      1.520,00;      1.520,00;      1.520,00;          0,00;          0,00;      1.520,00;19/06/2026;wramos  ;20/06/2026;01/06/2026;19/06/2026;          ;01/06/2026;FRT;LIQU;;;;000 ;1949;15 OBRIGACOES TRABALHISTAS;06/26
6;1;   673;01;756; 3214;    161485;TRANSFERENCIA;  1.520,00;;20/06/2026;19/06/2026;CONCILIADO;wramos  
5;1;   674;01;5466;PRO-LABORE;PRO LABORE BRUNO;00035987892899 ;BRUNO DA SILVA OLIVEIRA; ;INDAIATUBA;SP; ;               ;           ;COMERCIAL                     ;;;;     8545; ;      2.293,08;      2.293,08;      2.293,08;          0,00;          0,00;      2.293,08;19/06/2026;wramos  ;20/06/2026;10/06/2026;19/06/2026;          ;10/06/2026;MTZ;LIQU;;;;000 ;0000;4 DESPESAS ADM;06/26
6;1;   674;01;748;  710;     88761;TRANSFERENCIA;  2.293,08;;19/06/2026;19/06/2026;CONCILIADO;wramos  
5;1;   675;01;5317;TARIFA BANCARIA;TARIFA DE BOLETO;01181521000155 ;BANCO COOPERATIVO SICREDI SA; ;PORTO ALEGRE;RS; ;               ;           ;BANCO COOPERATIVO             ;;5.09.01.01.0020;2.01.01.10.0020;    17854; ;          3,00;          3,00;          3,00;          0,00;          0,00;          3,00;20/06/2026;wramos  ;10/06/2026;10/06/2026;10/06/2026;          ;10/06/2026;MTZ;LIQU;;;;000 ;2949;99 OUTROS;06/26
6;1;   675;01;748;  710;     88761;TRANSFERENCIA;      3,00;;20/06/2026;10/06/2026;CONCILIADO;wramos  
5;1;   676;01;5317;TARIFA BANCARIA;CAPITAL SOCIAL;01181521000155 ;BANCO COOPERATIVO SICREDI SA; ;PORTO ALEGRE;RS; ;               ;           ;BANCO COOPERATIVO             ;;5.09.01.01.0020;2.01.01.10.0020;    78448; ;        100,00;        100,00;        100,00;          0,00;          0,00;        100,00;20/06/2026;wramos  ;15/06/2026;15/06/2026;15/06/2026;          ;15/06/2026;MTZ;LIQU;;;;000 ;2949;99 OUTROS;06/26
6;1;   676;01;748;  710;     88761;TRANSFERENCIA;    100,00;;20/06/2026;15/06/2026;CONCILIADO;wramos  
5;1;   677;01;5403;PEDAGIOS;PEDAGIO;10647979000148 ;CONCESSIONARIA ROTA DAS BANDEI; ;ACOPIARA;CE; ;               ;           ;PEDAGIOS                      ;;5.02.02.01.0013;2.01.01.10.0020;        2; ;         93,70;         93,70;         93,70;          0,00;          0,00;         93,70;20/06/2026;wramos  ;15/06/2026;15/06/2026;15/06/2026;          ;15/06/2026;FRT;LIQU;;;;000 ;2949;5 DESPESAS OPERACIONAL;06/26
6;1;   677;01;748;  710;     88761;TRANSFERENCIA;     93,70;;20/06/2026;15/06/2026;CONCILIADO;wramos  
5;1;   678;01;5403;PEDAGIOS;PEDAGIO;10678505000163 ;CONCESSIONARIA ROD DO TIETE S.; ;SALTO;SP; ;               ;           ;PEDAGIO                       ;;5.02.02.01.0013;2.01.01.10.0020;        3; ;         42,10;         42,10;         42,10;          0,00;          0,00;         42,10;20/06/2026;wramos  ;16/06/2026;16/06/2026;16/06/2026;          ;16/06/2026;FRT;LIQU;;;;000 ;1949;5 DESPESAS OPERACIONAL;06/26
6;1;   678;01;748;  710;     88761;TRANSFERENCIA;     42,10;;20/06/2026;16/06/2026;CONCILIADO;wramos  
5;1;   679;01;5301;ALUGUEL DO IMOVEL;COOWORKING SJC;17813642000102 ;TILIT ESCRITORIO EMPRESARIAL L; ;SAO JOSE DOS CAMPOS;SP; ;               ;           ;COOWKING                      ;;5.02.02.01.0035;2.01.01.10.0020;        3; ;        269,00;        269,00;        269,00;          0,00;          0,00;        269,00;20/06/2026;wramos  ;17/06/2026;17/06/2026;17/06/2026;          ;17/06/2026;MTZ;LIQU;;;;000 ;1949;4 DESPESAS ADM;05/26
6;1;   679;01;748;  710;     88761;TRANSFERENCIA;    269,00;;20/06/2026;17/06/2026;CONCILIADO;wramos  
5;1;   680;01;5314;GERENCIAMENTO DE RISCO;GERENCIAMENTO DE RISCO;10441761000132 ;MEDEIROS MONITORAMENTO EIRELI; ;SAO JOSE DO RIO PRETO;SP; ;               ;           ;MONITORAMENTO                 ;;5.02.02.01.0037;2.01.01.10.0017;      545; ;        131,00;        131,00;        131,00;          0,00;          0,00;        131,00;20/06/2026;wramos  ;17/06/2026;17/06/2026;17/06/2026;          ;17/06/2026;MTZ;LIQU;;;;000 ;1949;5 DESPESAS OPERACIONAL;06/26
6;1;   680;01;748;  710;     88761;TRANSFERENCIA;    131,00;;20/06/2026;17/06/2026;CONCILIADO;wramos  
5;1;   681;01;5806;SISTEMA;SSW;01446320000132 ;SSW SISTEMAS LTDA; ;CURITIBA;PR; ;               ;           ;MANUTENCAO DE SISTEMA         ;;;;        2; ;      1.623,16;      1.623,16;      1.623,16;          0,00;          0,00;      1.623,16;20/06/2026;wramos  ;15/06/2026;15/06/2026;17/06/2026;          ;15/06/2026;MTZ;LIQU;;;;000 ;0000;4 DESPESAS ADM;05/26
6;1;   681;01;748;  710;     88761;TRANSFERENCIA;  1.623,16;;20/06/2026;17/06/2026;CONCILIADO;wramos  
5;1;   682;01;5803;PUBLICIDADE E PROPAGANDA;CARTAO DE CREDITO;18236120000158 ;NU PAGAMENTOS S.A. - INSTITUIC; ;SANTANA DO LIVRAMENTO;RS; ;               ;           ;BANCO DIGITAL                 ;;;;        2; ;        325,11;        325,11;        325,11;          0,00;          0,00;        325,11;20/06/2026;wramos  ;15/06/2026;10/06/2026;17/06/2026;          ;10/06/2026;MTZ;LIQU;;;;000 ;0000;4 DESPESAS ADM;05/26
6;1;   682;01;748;  710;     88761;TRANSFERENCIA;    325,11;;20/06/2026;17/06/2026;CONCILIADO;wramos  
5;1;   683;01;5314;GERENCIAMENTO DE RISCO;MONITORAMENTO;27162201000141 ;TS CONTROL; ;SAO JOSE DO RIO PRETO;SP; ;               ;           ;SEGURANCA                     ;;5.02.02.01.0037;2.01.01.10.0017;        1; ;         25,45;         25,45;         25,45;          0,00;          0,00;         25,45;20/06/2026;wramos  ;20/06/2026;10/06/2026;17/06/2026;          ;10/06/2026;MTZ;LIQU;;;;000 ;1949;5 DESPESAS OPERACIONAL;05/26
6;1;   683;01;748;  710;     88761;TRANSFERENCIA;     25,45;;20/06/2026;17/06/2026;CONCILIADO;wramos  
5;1;   684;01;1555;CONTABILIDADE;CONTABILIDADE;24824630000149 ;MASTER CONTABIL CATANDUVA LTDA; ;CATANDUVA;SP; ;               ;           ;CONTABILIDADE                 ;;;;        3; ;      1.096,90;      1.096,90;      1.096,90;          0,00;          0,00;      1.096,90;20/06/2026;wramos  ;20/06/2026;10/06/2026;17/06/2026;          ;10/06/2026;MTZ;LIQU;;;;000 ;0000;4 DESPESAS ADM;05/26
6;1;   684;01;748;  710;     88761;TRANSFERENCIA;  1.096,90;;20/06/2026;17/06/2026;CONCILIADO;wramos  
5;1;   685;01;5908;EXAMES MEDICOS;MENSALIDADE MEDICINA DO TRABALHO;13991429000130 ;ITA OCUPACIONAL LTDA; ;ITATIBA;SP; ;               ;           ;**                            ;;;;        2; ;        130,00;        130,00;        130,00;          0,00;          0,00;        130,00;20/06/2026;wramos  ;20/06/2026;10/06/2026;17/06/2026;          ;10/06/2026;FRT;LIQU;;;;000 ;0000;4 DESPESAS ADM;05/26
6;1;   685;01;748;  710;     88761;TRANSFERENCIA;    130,00;;20/06/2026;17/06/2026;CONCILIADO;wramos  
5;1;   686;01;5403;PEDAGIOS;PEDAGIO;10647979000148 ;CONCESSIONARIA ROTA DAS BANDEI; ;ACOPIARA;CE; ;               ;           ;PEDAGIOS                      ;;5.02.02.01.0013;2.01.01.10.0020;        5; ;         35,10;         35,10;         35,10;          0,00;          0,00;         35,10;20/06/2026;wramos  ;18/06/2026;18/06/2026;18/06/2026;          ;18/06/2026;FRT;LIQU;;;;000 ;2949;5 DESPESAS OPERACIONAL;06/26
6;1;   686;01;748;  710;     88761;TRANSFERENCIA;     35,10;;20/06/2026;18/06/2026;CONCILIADO;wramos  
5;1;   687;01;5844;PAGAMENTO EMPRESTIMO;EMPRESTIMO 123;62715353000125 ;BWT SUPLEMENTOS LTDA; ;CATANDUVA;SP; ;               ;           ;COMERCIO DE SUPLEMENTO ALIMENT;;;;      847; ;        300,00;        300,00;        300,00;          0,00;          0,00;        300,00;20/06/2026;wramos  ;18/06/2026;18/06/2026;18/06/2026;          ;18/06/2026;FRT;CANC;;;;000 ;0000;4 DESPESAS ADM;06/26
5;1;   688;01;5210;ACERTO CONTA FORNECEDOR;EMPRESTIMO 123;62715353000125 ;BWT SUPLEMENTOS LTDA; ;CATANDUVA;SP; ;               ;           ;COMERCIO DE SUPLEMENTO ALIMENT;;2.01.01.30.0020;2.01.01.10.0017;       11; ;        300,00;        300,00;        300,00;          0,00;          0,00;        300,00;20/06/2026;wramos  ;18/06/2026;18/06/2026;18/06/2026;          ;18/06/2026;MTZ;LIQU;;;;000 ;1949;4 DESPESAS ADM;06/26
6;1;   688;01;748;  710;     88761;TRANSFERENCIA;    300,00;;20/06/2026;18/06/2026;CONCILIADO;wramos  
5;1;   689;01;5900;SEGUROS;SEGURO EMPILHADEIRA;92682038000100 ;BRADESCO AUTO RE; ;RIO DE JANEIRO;RJ; ;               ;           ;SEGURO                        ;;;;        2; ;      1.125,60;      1.125,60;        112,56;          0,00;          0,00;        112,56;20/06/2026;wramos  ;25/06/2026;20/05/2026;19/06/2026;          ;20/05/2026;MTZ;LIQU;;;;000 ;0000;4 DESPESAS ADM;05/26
6;1;   689;01;748;  710;     88761;TRANSFERENCIA;    112,56;;20/06/2026;19/06/2026;CONCILIADO;wramos  
5;1;   690;01;5409;MANUTENCAO E CONSERVACAO DE VEICULOS;3 - SENSOR DE NIVEL DO ARLA;58534382000113 ;FAT MECANICA DIESEL LTDA; ;ITATIBA;SP; ;               ;           ;;;5.02.01.01.0017;2.01.01.10.0017;      565;35260658534382000113550010000005651548542202 ;      3.354,00;      3.354,00;        559,00;          0,00;          0,00;        559,00;22/06/2026;wramos  ;20/06/2026;09/06/2026;22/06/2026;          ;22/06/2026;FRT;LIQU;;;;000 ;1949;5 DESPESAS OPERACIONAL;06/26
6;1;   690;01;748;  710;     88761;TRANSFERENCIA;    559,00;;22/06/2026;22/06/2026;CONCILIADO;wramos  
5;1;   690;02;5409;MANUTENCAO E CONSERVACAO DE VEICULOS;3 - SENSOR DE NIVEL DO ARLA;58534382000113 ;FAT MECANICA DIESEL LTDA; ;ITATIBA;SP; ;               ;           ;;;5.02.01.01.0017;2.01.01.10.0017;      565;35260658534382000113550010000005651548542202 ;      3.354,00;      3.354,00;        559,00;          0,00;          0,00;        559,00;22/06/2026;wramos  ;20/07/2026;09/06/2026;16/07/2026;          ;22/06/2026;FRT;LIQU;;;;000 ;1949;5 DESPESAS OPERACIONAL;07/26
6;1;   690;02;748;  710;     88761;TRANSFERENCIA;    559,00;;16/07/2026;16/07/2026;CONCILIADO;wramos  
5;1;   691;01;5409;MANUTENCAO E CONSERVACAO DE VEICULOS;MANUTENCAO ARLA CAVALO;58534382000113 ;FAT MECANICA DIESEL LTDA; ;ITATIBA;SP; ;               ;           ;;;5.02.01.01.0017;2.01.01.10.0017;        8; ;      3.466,04;      3.466,04;        577,67;          0,00;          0,00;        577,67;22/06/2026;wramos  ;20/06/2026;09/06/2026;22/06/2026;          ;09/06/2026;FRT;LIQU;;;;000 ;1949;5 DESPESAS OPERACIONAL;06/26
6;1;   691;01;748;  710;     88761;TRANSFERENCIA;    577,67;;22/06/2026;22/06/2026;CONCILIADO;wramos  
5;1;   691;02;5409;MANUTENCAO E CONSERVACAO DE VEICULOS;MANUTENCAO ARLA CAVALO;58534382000113 ;FAT MECANICA DIESEL LTDA; ;ITATIBA;SP; ;               ;           ;;;5.02.01.01.0017;2.01.01.10.0017;        8; ;      3.466,04;      3.466,04;        577,67;          0,00;          0,00;        577,67;22/06/2026;wramos  ;20/07/2026;09/06/2026;16/07/2026;          ;09/06/2026;FRT;LIQU;;;;000 ;1949;5 DESPESAS OPERACIONAL;07/26
6;1;   691;02;748;  710;     88761;TRANSFERENCIA;    577,67;;16/07/2026;16/07/2026;CONCILIADO;wramos  
5;1;   692;01;5403;PEDAGIOS;PEDAGIOS;10647979000148 ;CONCESSIONARIA ROTA DAS BANDEI; ;ACOPIARA;CE; ;               ;           ;PEDAGIOS                      ;;5.02.02.01.0013;2.01.01.10.0020;     8547; ;         84,80;         84,80;         84,80;          0,00;          0,00;         84,80;06/07/2026;wramos  ;10/06/2026;10/06/2026;10/06/2026;          ;10/06/2026;FRT;CANC;;;;000 ;2949;5 DESPESAS OPERACIONAL;06/26
5;1;   693;01;5403;PEDAGIOS;PEDAGIO;10647979000148 ;CONCESSIONARIA ROTA DAS BANDEI; ;ACOPIARA;CE; ;               ;           ;PEDAGIOS                      ;;5.02.02.01.0013;2.01.01.10.0020;   879552; ;         30,68;         30,68;         30,68;          0,00;          0,00;         30,68;06/07/2026;wramos  ;22/06/2026;22/06/2026;22/06/2026;          ;22/06/2026;FRT;LIQU;;;;000 ;2949;5 DESPESAS OPERACIONAL;06/26
6;1;   693;01;748;  710;     88761;TRANSFERENCIA;     30,68;;06/07/2026;22/06/2026;CONCILIADO;wramos  
5;1;   694;01;5103;FRETE COLETA/ENTREGA DE VEICULOS TERCEIROS;GUINCHO EMPILHADEIRA;00007387498857 ;DAVI FERREIRA; ;ITATIBA;SP; ;               ;           ;GUINCHO                       ;;5.02.02.01.0020;2.01.01.30.0013;      879; ;        950,00;        950,00;        950,00;          0,00;          0,00;        950,00;06/07/2026;wramos  ;22/06/2026;22/06/2026;22/06/2026;          ;22/06/2026;MTZ;LIQU;;;;000 ;1351;14 SERVICOS TERCEIROS;06/26
6;1;   694;01;748;  710;     88761;TRANSFERENCIA;    950,00;;06/07/2026;22/06/2026;CONCILIADO;wramos  
5;1;   695;01;5403;PEDAGIOS;PEDAGIO;10647979000148 ;CONCESSIONARIA ROTA DAS BANDEI; ;ACOPIARA;CE; ;               ;           ;PEDAGIOS                      ;;5.02.02.01.0013;2.01.01.10.0020;   879522; ;         19,50;         19,50;         19,50;          0,00;          0,00;         19,50;06/07/2026;wramos  ;22/06/2026;22/06/2026;22/06/2026;          ;22/06/2026;FRT;LIQU;;;;000 ;2949;5 DESPESAS OPERACIONAL;06/26
6;1;   695;01;748;  710;     88761;TRANSFERENCIA;     19,50;;06/07/2026;22/06/2026;CONCILIADO;wramos  
5;1;   696;01;5806;SISTEMA;ASSINATURA FRETEBRAS;10885840000132 ;FRETEBRAS INTERNET SERVICES LT; ;CATALAO;GO; ;               ;           ;SERVICO TERCEIROS             ;;;;        1; ;        200,00;        200,00;        200,00;          0,00;          0,00;        200,00;06/07/2026;wramos  ;22/06/2026;22/06/2026;22/06/2026;          ;22/06/2026;MTZ;LIQU;;;;000 ;0000;4 DESPESAS ADM;06/26
6;1;   696;01;748;  710;     88761;TRANSFERENCIA;    200,00;;06/07/2026;22/06/2026;CONCILIADO;wramos  
5;1;   697;01;5317;TARIFA BANCARIA;TARIFA DE BOLETO;01181521000155 ;BANCO COOPERATIVO SICREDI SA; ;PORTO ALEGRE;RS; ;               ;           ;BANCO COOPERATIVO             ;;5.09.01.01.0020;2.01.01.10.0020; 21587455; ;          3,00;          3,00;          3,00;          0,00;          0,00;          3,00;06/07/2026;wramos  ;22/06/2026;22/06/2026;22/06/2026;          ;22/06/2026;MTZ;LIQU;;;;000 ;2949;99 OUTROS;06/26
6;1;   697;01;748;  710;     88761;TRANSFERENCIA;      3,00;;06/07/2026;22/06/2026;CONCILIADO;wramos  
5;1;   698;01;5403;PEDAGIOS;PEDAGIO;10647979000148 ;CONCESSIONARIA ROTA DAS BANDEI; ;ACOPIARA;CE; ;               ;           ;PEDAGIOS                      ;;5.02.02.01.0013;2.01.01.10.0020;     8755; ;         35,10;         35,10;         35,10;          0,00;          0,00;         35,10;06/07/2026;wramos  ;23/06/2026;23/06/2026;23/06/2026;          ;23/06/2026;FRT;LIQU;;;;000 ;2949;5 DESPESAS OPERACIONAL;06/26
6;1;   698;01;748;  710;     88761;TRANSFERENCIA;     35,10;;06/07/2026;23/06/2026;CONCILIADO;wramos  
5;1;   699;01;5403;PEDAGIOS;PEDAGIO;10647979000148 ;CONCESSIONARIA ROTA DAS BANDEI; ;ACOPIARA;CE; ;               ;           ;PEDAGIOS                      ;;5.02.02.01.0013;2.01.01.10.0020;    77777; ;         39,00;         39,00;         39,00;          0,00;          0,00;         39,00;06/07/2026;wramos  ;24/06/2026;24/06/2026;24/06/2026;          ;24/06/2026;FRT;LIQU;;;;000 ;2949;5 DESPESAS OPERACIONAL;06/26
6;1;   699;01;748;  710;     88761;TRANSFERENCIA;     39,00;;06/07/2026;24/06/2026;CONCILIADO;wramos  
5;1;   700;01;5108;ICMS;ICMS;46377222000390 ;SECRETARIA DA FAZENDA E PLANEJ; ;SAO PAULO;SP; ;               ;           ;ORGAO PUBLICO                 ;;2.01.01.25.0010;2.01.01.25.0023;    54125; ;     28.052,27;     28.052,27;     28.052,27;          0,00;          0,00;     28.052,27;06/07/2026;wramos  ;25/06/2026;10/06/2026;25/06/2026;          ;25/06/2026;MTZ;LIQU;;;;000 ;1949;1 IMPOSTOS;05/26
6;1;   700;01;748;  710;     88761;TRANSFERENCIA; 28.052,27;;06/07/2026;25/06/2026;CONCILIADO;wramos  
5;1;   701;01;5806;SISTEMA;COMPLEMENTO ASSINATURA FRETEBRAS;10885840000132 ;FRETEBRAS INTERNET SERVICES LT; ;CATALAO;GO; ;               ;           ;SERVICO TERCEIROS             ;;;;        2; ;        150,00;        150,00;        150,00;          0,00;          0,00;        150,00;06/07/2026;wramos  ;25/06/2026;25/06/2026;25/06/2026;          ;25/06/2026;MTZ;LIQU;;;;000 ;0000;4 DESPESAS ADM;06/26
6;1;   701;01;748;  710;     88761;TRANSFERENCIA;    150,00;;06/07/2026;25/06/2026;CONCILIADO;wramos  
5;1;   702;01;5403;PEDAGIOS;PEDAGIO;10647979000148 ;CONCESSIONARIA ROTA DAS BANDEI; ;ACOPIARA;CE; ;               ;           ;PEDAGIOS                      ;;5.02.02.01.0013;2.01.01.10.0020;  7895555; ;         78,00;         78,00;         78,00;          0,00;          0,00;         78,00;06/07/2026;wramos  ;26/06/2026;26/06/2026;26/06/2026;          ;26/06/2026;FRT;LIQU;;;;000 ;2949;5 DESPESAS OPERACIONAL;06/26
6;1;   702;01;748;  710;     88761;TRANSFERENCIA;     78,00;;06/07/2026;26/06/2026;CONCILIADO;wramos  
5;1;   703;01;5306;TELEFONIA E COMUNICACAO DE DADOS;RECARGA CELULAR BWT;02558157000162 ;VIVO - TELEFONICA BRASIL S/A -; ;SAO PAULO;SP; ;               ;           ;TELEFONIA MOVEL               ;;5.03.01.01.0015;2.01.01.10.0020;     8793; ;         30,00;         30,00;         30,00;          0,00;          0,00;         30,00;06/07/2026;wramos  ;26/06/2026;10/06/2026;26/06/2026;          ;10/06/2026;MTZ;LIQU;;;;000 ;1304;4 DESPESAS ADM;06/26
6;1;   703;01;748;  710;     88761;TRANSFERENCIA;     30,00;;06/07/2026;26/06/2026;CONCILIADO;wramos  
5;1;   704;01;5210;ACERTO CONTA FORNECEDOR;APORTE 123FRETEI;62715353000125 ;BWT SUPLEMENTOS LTDA; ;CATANDUVA;SP; ;               ;           ;COMERCIO DE SUPLEMENTO ALIMENT;;2.01.01.30.0020;2.01.01.10.0017;     8521; ;      1.100,00;      1.100,00;      1.100,00;          0,00;          0,00;      1.100,00;06/07/2026;wramos  ;26/06/2026;26/06/2026;26/06/2026;          ;26/06/2026;MTZ;LIQU;;;;000 ;1949;4 DESPESAS ADM;06/26
6;1;   704;01;748;  710;     88761;TRANSFERENCIA;  1.100,00;;06/07/2026;26/06/2026;CONCILIADO;wramos  
5;1;   705;01;5210;ACERTO CONTA FORNECEDOR;FATURA E4LOG SEGUNDA QUINZENA DE JUNHO - DESCONTO TDE 176,00 NF 79545;27773153000128 ;E4LOG SOLUCOES LOGISTICAS LTDA; ;ITATIBA;SP;BANCO ITAU S.A. 341 / 7446- / 22350-0;               ;           ;TRANSPORTADORA                ;;2.01.01.30.0020;2.01.01.10.0017;   164035; ;     92.271,90;     92.095,90;     92.095,90;          0,00;          0,00;     92.095,90;06/07/2026;mclara  ;04/08/2026;30/06/2026;04/08/2026;          ;30/06/2026;MTZ;LIQU;;;;000 ;1949;4 DESPESAS ADM;07/26
6;1;   705;01;748;  710;     88761;TRANSFERENCIA; 92.095,90;;04/08/2026;04/08/2026;CONCILIADO;wramos  
5;1;   706;01;5210;ACERTO CONTA FORNECEDOR;GASTO BRUNO;00035987892899 ;BRUNO DA SILVA OLIVEIRA; ;INDAIATUBA;SP; ;               ;           ;COMERCIAL                     ;;2.01.01.30.0020;2.01.01.10.0017;       74; ;         84,00;         84,00;         84,00;          0,00;          0,00;         84,00;07/07/2026;wramos  ;24/06/2026;24/06/2026;24/06/2026;          ;24/06/2026;MTZ;LIQU;;;;000 ;1949;4 DESPESAS ADM;06/26
6;1;   706;01;748;  710;     88761;TRANSFERENCIA;     84,00;;07/07/2026;24/06/2026;CONCILIADO;wramos  
5;1;   707;01;5210;ACERTO CONTA FORNECEDOR;GASTO BRUNO;00035987892899 ;BRUNO DA SILVA OLIVEIRA; ;INDAIATUBA;SP; ;               ;           ;COMERCIAL                     ;;2.01.01.30.0020;2.01.01.10.0017;        2; ;         60,00;         60,00;         60,00;          0,00;          0,00;         60,00;07/07/2026;wramos  ;25/06/2026;25/06/2026;25/06/2026;          ;25/06/2026;MTZ;LIQU;;;;000 ;1949;4 DESPESAS ADM;06/26
6;1;   707;01;748;  710;     88761;TRANSFERENCIA;     60,00;;07/07/2026;25/06/2026;CONCILIADO;wramos  
5;1;   708;01;5403;PEDAGIOS;PEDAGIO;10647979000148 ;CONCESSIONARIA ROTA DAS BANDEI; ;ACOPIARA;CE; ;               ;           ;PEDAGIOS                      ;;5.02.02.01.0013;2.01.01.10.0020; 78554222; ;          7,00;          7,00;          7,00;          0,00;          0,00;          7,00;07/07/2026;wramos  ;26/06/2026;26/06/2026;26/06/2026;          ;26/06/2026;FRT;LIQU;;;;000 ;2949;5 DESPESAS OPERACIONAL;06/26
6;1;   708;01;748;  710;     88761;TRANSFERENCIA;      7,00;;07/07/2026;26/06/2026;CONCILIADO;wramos  
5;1;   709;01;5403;PEDAGIOS;PEDAGIO;10647979000148 ;CONCESSIONARIA ROTA DAS BANDEI; ;ACOPIARA;CE; ;               ;           ;PEDAGIOS                      ;;5.02.02.01.0013;2.01.01.10.0020;   874584; ;         35,83;         35,83;         35,83;          0,00;          0,00;         35,83;07/07/2026;wramos  ;29/06/2026;29/06/2026;29/06/2026;          ;29/06/2026;FRT;LIQU;;;;000 ;2949;5 DESPESAS OPERACIONAL;06/26
6;1;   709;01;748;  710;     88761;TRANSFERENCIA;     35,83;;07/07/2026;29/06/2026;CONCILIADO;wramos  
5;1;   710;01;5403;PEDAGIOS;PEDAGIO;10647979000148 ;CONCESSIONARIA ROTA DAS BANDEI; ;ACOPIARA;CE; ;               ;           ;PEDAGIOS                      ;;5.02.02.01.0013;2.01.01.10.0020;     8798; ;         84,72;         84,72;         84,72;          0,00;          0,00;         84,72;07/07/2026;wramos  ;30/06/2026;30/06/2026;30/06/2026;          ;30/06/2026;FRT;LIQU;;;;000 ;2949;5 DESPESAS OPERACIONAL;06/26
6;1;   710;01;748;  710;     88761;TRANSFERENCIA;     84,72;;07/07/2026;30/06/2026;CONCILIADO;wramos  
5;1;   711;01;5103;FRETE COLETA/ENTREGA DE VEICULOS TERCEIROS;TRANSPORTE EMPILHADEIRA;00007387498857 ;DAVI FERREIRA; ;ITATIBA;SP; ;               ;           ;GUINCHO                       ;;5.02.02.01.0020;2.01.01.30.0013;     8545; ;        800,00;        800,00;        800,00;          0,00;          0,00;        800,00;07/07/2026;wramos  ;30/06/2026;30/06/2026;30/06/2026;          ;30/06/2026;MTZ;LIQU;;;;000 ;1351;14 SERVICOS TERCEIROS;06/26
6;1;   711;01;748;  710;     88761;TRANSFERENCIA;    800,00;;07/07/2026;30/06/2026;CONCILIADO;wramos  
5;1;   712;01;5803;PUBLICIDADE E PROPAGANDA;ANUNCIO EMPILHADEIRA;06990590000123 ;GOOGLE BRASIL INTERNET LTDA; ;SAO PAULO;SP; ;               ;           ;PUBLICIDADE                   ;;;;       78; ;        100,00;        100,00;        100,00;          0,00;          0,00;        100,00;07/07/2026;wramos  ;29/06/2026;29/06/2026;29/06/2026;          ;29/06/2026;MTZ;LIQU;;;;000 ;0000;4 DESPESAS ADM;06/26
6;1;   712;01;748;  710;     88761;TRANSFERENCIA;    100,00;;07/07/2026;29/06/2026;CONCILIADO;wramos  
5;1;   713;01;5403;PEDAGIOS;PEDAGIO;10647979000148 ;CONCESSIONARIA ROTA DAS BANDEI; ;ACOPIARA;CE; ;               ;           ;PEDAGIOS                      ;;5.02.02.01.0013;2.01.01.10.0020;     7785; ;         41,00;         41,00;         41,00;          0,00;          0,00;         41,00;07/07/2026;wramos  ;01/07/2026;01/07/2026;01/07/2026;          ;01/07/2026;FRT;LIQU;;;;000 ;2949;5 DESPESAS OPERACIONAL;07/26
6;1;   713;01;748;  710;     88761;TRANSFERENCIA;     41,00;;09/07/2026;01/07/2026;CONCILIADO;wramos  
5;1;   714;01;5210;ACERTO CONTA FORNECEDOR;PAGAMENTO VEICULO STRADA;00035280038806 ;TIAGO HENRIQUE TITA FOSSA; ;MARILIA;SP; ;               ;           ;FOMENTO                       ;;2.01.01.30.0020;2.01.01.10.0017;        7; ;     15.000,00;     15.000,00;     15.000,00;          0,00;          0,00;     15.000,00;07/07/2026;wramos  ;01/07/2026;01/07/2026;01/07/2026;          ;01/07/2026;MTZ;LIQU;;;;000 ;1949;4 DESPESAS ADM;07/26
6;1;   714;01;748;  710;     88761;TRANSFERENCIA; 15.000,00;;07/07/2026;01/07/2026;CONCILIADO;wramos  
5;1;   715;01;5101;FRETE TRANSFERENCIA DE VEICULOS TERCEIROS;PAGAMENTO DO SALDO CTRB IND     25-6 PAGO PARA JULIO;31628453000190 ;DOUGLAS GADENS - TRANSPORTES; ;MONTE MOR;SP;SICOOB 756 / 3191- / 34746-9;               ;           ;;;5.02.02.01.0015;2.01.01.30.0010;      761; ;      1.295,94;      1.295,94;      1.295,94;          0,00;          0,00;      1.295,94;07/07/2026;mclara  ;08/07/2026;07/07/2026;08/07/2026;          ;07/07/2026;IND;LIQU;;;;000 ;1351;14 SERVICOS TERCEIROS;07/26
6;1;   715;01;748;  710;     88761;TRANSFERENCIA;  1.295,94;;17/07/2026;08/07/2026;CONCILIADO;wramos  
5;1;   716;01;5403;PEDAGIOS;PEDAGIO;10647979000148 ;CONCESSIONARIA ROTA DAS BANDEI; ;ACOPIARA;CE; ;               ;           ;PEDAGIOS                      ;;5.02.02.01.0013;2.01.01.10.0020;    87458; ;        325,91;        325,91;        325,91;          0,00;          0,00;        325,91;07/07/2026;wramos  ;02/07/2026;02/07/2026;02/07/2026;          ;02/07/2026;FRT;LIQU;;;;000 ;2949;5 DESPESAS OPERACIONAL;07/26
6;1;   716;01;748;  710;     88761;TRANSFERENCIA;    325,91;;07/07/2026;02/07/2026;CONCILIADO;wramos  
5;1;   717;01;5466;PRO-LABORE;PRO LABORE;00035987892899 ;BRUNO DA SILVA OLIVEIRA; ;INDAIATUBA;SP; ;               ;           ;COMERCIAL                     ;;;;       87; ;      6.000,00;      6.000,00;      6.000,00;          0,00;          0,00;      6.000,00;07/07/2026;wramos  ;05/07/2026;03/07/2026;03/07/2026;          ;03/07/2026;MTZ;LIQU;;;;000 ;0000;4 DESPESAS ADM;06/26
6;1;   717;01;748;  710;     88761;TRANSFERENCIA;  6.000,00;;07/07/2026;03/07/2026;CONCILIADO;wramos  
5;1;   718;01;5466;PRO-LABORE;PRO LABORE;00032071194845 ;WELLINGTON TEIXEIRA RAMOS; ;APARECIDA;SP; ;               ;           ;REEMBOLSO                     ;;;;  8782412; ;      6.000,00;      6.000,00;      6.000,00;          0,00;          0,00;      6.000,00;07/07/2026;wramos  ;05/07/2026;03/07/2026;03/07/2026;          ;03/07/2026;MTZ;LIQU;;;;000 ;0000;4 DESPESAS ADM;06/26
6;1;   718;01;748;  710;     88761;TRANSFERENCIA;  6.000,00;;07/07/2026;03/07/2026;CONCILIADO;wramos  
5;1;   719;01;5210;ACERTO CONTA FORNECEDOR;PAGAMENTO MARIA CLARA;50677123000130 ;50.677.123 MARIA CLARA GOMES F;50677123000130 ;INDAIATUBA;SP; ;               ;           ;DIGITACAO DE DOCUMENTOS       ;;2.01.01.30.0020;2.01.01.10.0017;     8547; ;      4.600,00;      4.600,00;      4.600,00;          0,00;          0,00;      4.600,00;07/07/2026;wramos  ;05/07/2026;01/07/2026;03/07/2026;          ;01/07/2026;MTZ;LIQU;;;;000 ;1949;4 DESPESAS ADM;06/26
6;1;   719;01;748;  710;     88761;TRANSFERENCIA;  4.600,00;;07/07/2026;03/07/2026;CONCILIADO;wramos  
5;1;   720;01;5403;PEDAGIOS;PEDAGIO;10647979000148 ;CONCESSIONARIA ROTA DAS BANDEI; ;ACOPIARA;CE; ;               ;           ;PEDAGIOS                      ;;5.02.02.01.0013;2.01.01.10.0020;    54755; ;          7,70;          7,70;          7,70;          0,00;          0,00;          7,70;07/07/2026;wramos  ;03/07/2026;03/07/2026;03/07/2026;          ;03/07/2026;FRT;LIQU;;;;000 ;2949;5 DESPESAS OPERACIONAL;07/26
6;1;   720;01;748;  710;     88761;TRANSFERENCIA;      7,70;;07/07/2026;03/07/2026;CONCILIADO;wramos  
5;1;   721;01;5403;PEDAGIOS;PEDAGIO VEICULO STRADA;04088208000165 ;SEM PARAR INSTITUICAO DE PAGAM; ;SAO PAULO;SP; ;               ;           ;OPERACIONAL                   ;;5.02.02.01.0013;2.01.01.10.0020;        2; ;        357,02;        357,02;        357,02;          0,00;          0,00;        357,02;07/07/2026;wramos  ;06/07/2026;06/07/2026;06/07/2026;          ;06/07/2026;FRT;LIQU;;;;000 ;1949;5 DESPESAS OPERACIONAL;07/26
6;1;   721;01;748;  710;     88761;TRANSFERENCIA;    357,02;;07/07/2026;06/07/2026;CONCILIADO;wramos  
5;1;   722;01;5306;TELEFONIA E COMUNICACAO DE DADOS;RECARGA CELULAR VIVO;02558157000162 ;VIVO - TELEFONICA BRASIL S/A -; ;SAO PAULO;SP; ;               ;           ;TELEFONIA MOVEL               ;;5.03.01.01.0015;2.01.01.10.0020;        1; ;         20,36;         20,36;         20,36;          0,00;          0,00;         20,36;07/07/2026;wramos  ;06/07/2026;06/07/2026;06/07/2026;          ;06/07/2026;FRT;LIQU;;;;000 ;1304;4 DESPESAS ADM;07/26
6;1;   722;01;748;  710;     88761;TRANSFERENCIA;     20,36;;07/07/2026;06/07/2026;CONCILIADO;wramos  
5;1;   723;01;5403;PEDAGIOS;PEDAGIO;10647979000148 ;CONCESSIONARIA ROTA DAS BANDEI; ;ACOPIARA;CE; ;               ;           ;PEDAGIOS                      ;;5.02.02.01.0013;2.01.01.10.0020;      874; ;         66,60;         66,60;         66,60;          0,00;          0,00;         66,60;07/07/2026;wramos  ;06/07/2026;06/07/2026;06/07/2026;          ;06/07/2026;FRT;LIQU;;;;000 ;2949;5 DESPESAS OPERACIONAL;07/26
6;1;   723;01;748;  710;     88761;TRANSFERENCIA;     66,60;;07/07/2026;06/07/2026;CONCILIADO;wramos  
5;1;   724;01;5317;TARIFA BANCARIA;TARIFA BAIXA DE CARTORIO;02038232000164 ;BANCO SICOOB; ;BARUERI;SP; ;               ;           ;BANCO                         ;;5.09.01.01.0020;2.01.01.10.0020;      123; ;         57,14;         57,14;         57,14;          0,00;          0,00;         57,14;08/07/2026;wramos  ;18/06/2026;18/06/2026;18/06/2026;          ;18/06/2026;FRT;LIQU;;;;000 ;1949;99 OUTROS;06/26
6;1;   724;01;756; 3214;    161485;TRANSFERENCIA;     57,14;;08/07/2026;18/06/2026;CONCILIADO;wramos  
5;1;   725;01;5415;FGTS;FGTS FUNCIONARIO;00360305000104 ;FUNDO DE GARANTIA DE TEMPO E S; ;BRASILIA;DF; ;               ;           ;PODER JURIDICO                ;;5.02.03.01.0035;2.01.01.20.0010;       21; ;        341,34;        341,34;        341,34;          0,00;          0,00;        341,34;08/07/2026;wramos  ;20/06/2026;10/06/2026;19/06/2026;          ;10/06/2026;FRT;LIQU;;;;000 ;2949;1 IMPOSTOS;06/26
6;1;   725;01;756; 3214;    161485;TRANSFERENCIA;    341,34;;08/07/2026;19/06/2026;CONCILIADO;wramos  
5;1;   726;01;5213;ADIANTAMENTO SALARIOS;ADIANTAMENTO SALARIAL;00020323493882 ;RODRIGO PASSIONI; ;ITATIBA;SP; ;               ;           ;CARRETEIRO                    ;;5.02.03.01.0013;2.01.01.15.0010;     8754; ;      1.520,00;      1.520,00;      1.520,00;          0,00;          0,00;      1.520,00;08/07/2026;wramos  ;20/06/2026;10/06/2026;19/06/2026;          ;10/06/2026;FRT;CANC;;;;000 ;1949;15 OBRIGACOES TRABALHISTAS;06/26
5;1;   727;01;5213;ADIANTAMENTO SALARIOS;TARIFA BAIXA DE BOLETO;02038232000164 ;BANCO SICOOB; ;BARUERI;SP; ;               ;           ;BANCO                         ;;5.02.03.01.0013;2.01.01.15.0010;  8745844; ;         25,20;         25,20;         25,20;          0,00;          0,00;         25,20;08/07/2026;wramos  ;24/06/2026;24/06/2026;24/06/2026;          ;24/06/2026;FRT;LIQU;;;;000 ;1949;15 OBRIGACOES TRABALHISTAS;06/26
6;1;   727;01;756; 3214;    161485;TRANSFERENCIA;     25,20;;08/07/2026;24/06/2026;CONCILIADO;wramos  
5;1;   728;01;5409;MANUTENCAO E CONSERVACAO DE VEICULOS;CONSERTO TETO CARRETA KDF;58172456000119 ;TRUCK CENTER REFORMAS E MANUTE; ;CACAPAVA;SP; ;               ;           ;MANUTENCAO                    ;;5.02.01.01.0017;2.01.01.10.0017;     1254; ;        450,00;        450,00;        450,00;          0,00;          0,00;        450,00;08/07/2026;wramos  ;26/06/2026;26/06/2026;26/06/2026;          ;26/06/2026;FRT;LIQU;;;;000 ;1949;5 DESPESAS OPERACIONAL;06/26
6;1;   728;01;756; 3214;    161485;TRANSFERENCIA;    450,00;;09/07/2026;26/06/2026;CONCILIADO;wramos  
5;1;   729;01;5409;MANUTENCAO E CONSERVACAO DE VEICULOS;MANUTENCAO CARRETA CSY;04126930000147 ;MULTI TRUCK PECAS E SERVICOS I; ;ITATIBA;SP; ;               ;           ;VEICULOS                      ;;5.02.01.01.0017;2.01.01.10.0017;        8; ;      2.000,00;      2.000,00;      2.000,00;          0,00;          0,00;      2.000,00;08/07/2026;wramos  ;29/06/2026;29/06/2026;29/06/2026;          ;29/06/2026;FRT;LIQU;;;;000 ;1949;5 DESPESAS OPERACIONAL;06/26
6;1;   729;01;756; 3214;    161485;TRANSFERENCIA;  2.000,00;;08/07/2026;29/06/2026;CONCILIADO;wramos  
5;1;   730;01;5407;COMBUSTIVEIS E LUBRIFICANTES;309 - OLEO DIESEL B S10 COMUM;13177207000188 ;CENTAURUS PARK CENTRO AUTOMOTI; ;ITATIBA;SP; ;               ;           ;;;5.02.01.01.0010;2.01.01.10.0017;     3643;35260613177207000188550020000036431074350440 ;      1.994,67;      1.994,67;      1.994,67;          0,00;          0,00;      1.994,67;08/07/2026;wramos  ;29/06/2026;29/06/2026;29/06/2026;          ;29/06/2026;FRT;LIQU;;;;000 ;1653;5 DESPESAS OPERACIONAL;06/26
6;1;   730;01;756; 3214;    161485;TRANSFERENCIA;  1.994,67;;08/07/2026;29/06/2026;CONCILIADO;wramos  
5;1;   731;01;5844;PAGAMENTO EMPRESTIMO;PAGAMENTO PARCELA CREDITO SANTANDER;00032071194845 ;WELLINGTON TEIXEIRA RAMOS; ;APARECIDA;SP; ;               ;           ;REEMBOLSO                     ;;;;    85485; ;      1.335,00;      1.335,00;      1.335,00;          0,00;          0,00;      1.335,00;08/07/2026;wramos  ;30/06/2026;30/06/2026;30/06/2026;          ;30/06/2026;FRT;LIQU;;;;000 ;0000;4 DESPESAS ADM;06/26
6;1;   731;01;756; 3214;    161485;TRANSFERENCIA;  1.335,00;;08/07/2026;30/06/2026;CONCILIADO;wramos  
5;1;   732;01;5317;TARIFA BANCARIA;TARIFA EMISSAO DE BOLETO;02038232000164 ;BANCO SICOOB; ;BARUERI;SP; ;               ;           ;BANCO                         ;;5.09.01.01.0020;2.01.01.10.0020;    87558; ;          7,80;          7,80;          7,80;          0,00;          0,00;          7,80;08/07/2026;wramos  ;18/06/2026;18/06/2026;18/06/2026;          ;18/06/2026;FRT;LIQU;;;;000 ;1949;99 OUTROS;06/26
6;1;   732;01;756; 3214;    161485;TRANSFERENCIA;      7,80;;08/07/2026;18/06/2026;CONCILIADO;wramos  
5;1;   733;01;5317;TARIFA BANCARIA;TARIFA MANUTENCAO DE C/C;02038232000164 ;BANCO SICOOB; ;BARUERI;SP; ;               ;           ;BANCO                         ;;5.09.01.01.0020;2.01.01.10.0020;        2; ;         19,90;         19,90;         19,90;          0,00;          0,00;         19,90;09/07/2026;wramos  ;01/07/2026;01/07/2026;01/07/2026;          ;01/07/2026;FRT;LIQU;;;;000 ;1949;99 OUTROS;07/26
6;1;   733;01;756; 3214;    161485;TRANSFERENCIA;     19,90;;09/07/2026;01/07/2026;CONCILIADO;wramos  
5;1;   734;01;5402;SEGURO DE VEICULOS;SEGURO CAVALO EPU8A73;24051760000196 ;PRIME GESTAO - UNIVERSO AGV; ;BELO HORIZONTE;MG; ;               ;           ;SINISTRO: (81) 3093-7878      ;;5.06.01.01.0013;2.01.01.10.0020;     2554; ;      1.069,47;      1.069,47;      1.069,47;          0,00;          0,00;      1.069,47;09/07/2026;wramos  ;02/07/2026;02/07/2026;02/07/2026;          ;02/07/2026;FRT;LIQU;;;;000 ;2949;5 DESPESAS OPERACIONAL;07/26
6;1;   734;01;756; 3214;    161485;TRANSFERENCIA;  1.069,47;;09/07/2026;02/07/2026;CONCILIADO;wramos  
5;1;   735;01;5402;SEGURO DE VEICULOS;ESTACIONAMENTO CARRETA MTG;11088658000113 ;ANTONIO DE PADUA  CONSTANT PIR; ;ITUPEVA;SP; ;               ;           ;FAZENDA                       ;;5.06.01.01.0013;2.01.01.10.0020;       12; ;        300,00;        300,00;        300,00;          0,00;          0,00;        300,00;09/07/2026;wramos  ;03/07/2026;03/07/2026;03/07/2026;          ;03/07/2026;FRT;LIQU;;;;000 ;1949;5 DESPESAS OPERACIONAL;07/26
6;1;   735;01;756; 3214;    161485;TRANSFERENCIA;    300,00;;09/07/2026;03/07/2026;CONCILIADO;wramos  
5;1;   736;01;5216;SALARIOS;SALARIO;00020323493882 ;RODRIGO PASSIONI; ;ITATIBA;SP; ;               ;           ;CARRETEIRO                    ;;5.02.03.01.0013;2.01.01.15.0010;     8488; ;      2.691,97;      2.691,97;      2.691,97;          0,00;          0,00;      2.691,97;09/07/2026;wramos  ;05/07/2026;30/06/2026;03/07/2026;          ;30/06/2026;FRT;LIQU;;;;000 ;1949;15 OBRIGACOES TRABALHISTAS;06/26
6;1;   736;01;756; 3214;    161485;TRANSFERENCIA;  2.691,97;;09/07/2026;03/07/2026;CONCILIADO;wramos  
5;1;   737;01;5317;TARIFA BANCARIA;TARIFA DE BOLETO;02038232000164 ;BANCO SICOOB; ;BARUERI;SP; ;               ;           ;BANCO                         ;;5.09.01.01.0020;2.01.01.10.0020;    87857; ;          1,80;          1,80;          1,80;          0,00;          0,00;          1,80;09/07/2026;wramos  ;03/07/2026;03/07/2026;03/07/2026;          ;03/07/2026;FRT;LIQU;;;;000 ;1949;99 OUTROS;07/26
6;1;   737;01;756; 3214;    161485;TRANSFERENCIA;      1,80;;09/07/2026;03/07/2026;CONCILIADO;wramos  
5;1;   738;01;5555;RASTREADOR;RASTREADOR;03112879000151 ;SASCAR TECNOLOGIA E SEGURANCA; ;BARUERI;SP; ;               ;           ;RASTREAMENTO DE VEICULOS      ;;;;     8798; ;        598,26;        598,26;        598,26;          0,00;          0,00;        598,26;09/07/2026;wramos  ;07/07/2026;07/07/2026;07/07/2026;          ;07/07/2026;FRT;LIQU;;;;000 ;0000;5 DESPESAS OPERACIONAL;06/26
6;1;   738;01;756; 3214;    161485;TRANSFERENCIA;    598,26;;09/07/2026;07/07/2026;CONCILIADO;wramos  
5;1;   739;01;5407;COMBUSTIVEIS E LUBRIFICANTES;326 - ARLA 32 DIESEL S10;13177207000188 ;CENTAURUS PARK CENTRO AUTOMOTI; ;ITATIBA;SP; ;               ;           ;;;5.02.01.01.0010;2.01.01.10.0017;     3674;35260713177207000188550020000036741063908134 ;      1.979,92;      1.979,92;      1.979,92;          0,00;          0,00;      1.979,92;09/07/2026;wramos  ;07/07/2026;07/07/2026;07/07/2026;          ;07/07/2026;FRT;LIQU;;;;000 ;1949;5 DESPESAS OPERACIONAL;07/26
6;1;   739;01;756; 3214;    161485;TRANSFERENCIA;  1.979,92;;09/07/2026;07/07/2026;CONCILIADO;wramos  
5;1;   740;01;5409;MANUTENCAO E CONSERVACAO DE VEICULOS;SOLDA CARRETA KDF;31163219000135 ;J DE RIBAMAR TAVARES DE MATOS; ;HORIZONTE;CE; ;               ;           ;BAIXIM DAS MOLAS              ;;5.02.01.01.0017;2.01.01.10.0017;        1; ;        400,00;        400,00;        400,00;          0,00;          0,00;        400,00;09/07/2026;wramos  ;07/07/2026;07/07/2026;07/07/2026;          ;07/07/2026;FRT;LIQU;;;;000 ;2949;5 DESPESAS OPERACIONAL;07/26
6;1;   740;01;756; 3214;    161485;TRANSFERENCIA;    400,00;;09/07/2026;07/07/2026;CONCILIADO;wramos  
5;1;   741;01;5409;MANUTENCAO E CONSERVACAO DE VEICULOS;MANUTENCAO CARRETA CSY;00029153661877 ;CINARA DE SOUZA MENDES; ;SANTA BARBARA D OESTE;SP; ;               ;           ;MOLAS                         ;;5.02.01.01.0017;2.01.01.10.0017;    87587; ;      5.620,00;      5.620,00;      2.000,00;          0,00;          0,00;      2.000,00;09/07/2026;wramos  ;10/07/2026;07/07/2026;08/07/2026;          ;07/07/2026;FRT;LIQU;;;;000 ;1949;5 DESPESAS OPERACIONAL;07/26
6;1;   741;01;756; 3214;    161485;TRANSFERENCIA;  2.000,00;;09/07/2026;08/07/2026;CONCILIADO;wramos  
5;1;   742;01;5203;ALIMENTACAO;VALE ALIMENTACAO;00020323493882 ;RODRIGO PASSIONI; ;ITATIBA;SP; ;               ;           ;CARRETEIRO                    ;;5.02.03.01.0065;2.01.01.10.0017;   878245; ;        770,00;        770,00;        770,00;          0,00;          0,00;        770,00;09/07/2026;wramos  ;01/07/2026;01/07/2026;01/07/2026;          ;01/07/2026;FRT;LIQU;;;;000 ;1949;15 OBRIGACOES TRABALHISTAS;07/26
6;1;   742;01;756; 3214;    161485;TRANSFERENCIA;    770,00;;09/07/2026;01/07/2026;CONCILIADO;wramos  
5;1;   743;01;5101;FRETE TRANSFERENCIA DE VEICULOS TERCEIROS;COLETA SOLFACIL;55008868000120 ;BWT LOGISTICA TRANSPORTES E LO; ;SAO JOSE DOS CAMPOS;SP;SICREDI 748 / 0710- / 88761-8;55008868000120 ;BWT LOGISTI;ALUGUEL DE EQUIPAMENTO        ;;5.02.02.01.0015;2.01.01.30.0010;     8757; ;     19.000,00;     19.000,00;      5.000,00;          0,00;          0,00;      5.000,00;09/07/2026;wramos  ;10/07/2026;30/06/2026;07/07/2026;          ;30/06/2026;MTZ;LIQU;;;;000 ;1351;14 SERVICOS TERCEIROS;06/26
6;1;   743;01;748;  710;     88761;TRANSFERENCIA;  5.000,00;;09/07/2026;07/07/2026;CONCILIADO;wramos  
5;1;   743;02;5101;FRETE TRANSFERENCIA DE VEICULOS TERCEIROS;COLETA SOLFACIL;55008868000120 ;BWT LOGISTICA TRANSPORTES E LO; ;SAO JOSE DOS CAMPOS;SP;SICREDI 748 / 0710- / 88761-8;55008868000120 ;BWT LOGISTI;ALUGUEL DE EQUIPAMENTO        ;;5.02.02.01.0015;2.01.01.30.0010;     8757; ;     19.000,00;     19.000,00;     14.000,00;          0,00;          0,00;     14.000,00;09/07/2026;wramos  ;10/07/2026;30/06/2026;10/07/2026;          ;30/06/2026;MTZ;LIQU;;;;000 ;1351;14 SERVICOS TERCEIROS;06/26
6;1;   743;02;748;  710;     88761;TRANSFERENCIA; 14.000,00;;13/07/2026;13/07/2026;CONCILIADO;wramos  
5;1;   744;01;5403;PEDAGIOS;PEDAGIO;10647979000148 ;CONCESSIONARIA ROTA DAS BANDEI; ;ACOPIARA;CE; ;               ;           ;PEDAGIOS                      ;;5.02.02.01.0013;2.01.01.10.0020;178245888; ;        384,40;        384,40;        384,40;          0,00;          0,00;        384,40;09/07/2026;wramos  ;07/07/2026;07/07/2026;07/07/2026;          ;07/07/2026;FRT;LIQU;;;;000 ;2949;5 DESPESAS OPERACIONAL;07/26
6;1;   744;01;748;  710;     88761;TRANSFERENCIA;    384,40;;09/07/2026;07/07/2026;CONCILIADO;wramos  
5;1;   745;01;5301;ALUGUEL DO IMOVEL;PAGAMENTO ALUGUEL BRUNO;00035987892899 ;BRUNO DA SILVA OLIVEIRA; ;INDAIATUBA;SP; ;               ;           ;COMERCIAL                     ;;5.02.02.01.0035;2.01.01.10.0020; 85486444; ;      2.738,46;      2.738,46;      2.738,46;          0,00;          0,00;      2.738,46;09/07/2026;wramos  ;07/07/2026;07/07/2026;07/07/2026;          ;07/07/2026;MTZ;LIQU;;;;000 ;1949;4 DESPESAS ADM;06/26
6;1;   745;01;748;  710;     88761;TRANSFERENCIA;  2.738,46;;09/07/2026;07/07/2026;CONCILIADO;wramos  
5;1;   746;01;5403;PEDAGIOS;PEDAGIO;10647979000148 ;CONCESSIONARIA ROTA DAS BANDEI; ;ACOPIARA;CE; ;               ;           ;PEDAGIOS                      ;;5.02.02.01.0013;2.01.01.10.0020;       12; ;         20,50;         20,50;         20,50;          0,00;          0,00;         20,50;09/07/2026;wramos  ;08/07/2026;08/07/2026;08/07/2026;          ;08/07/2026;FRT;LIQU;;;;000 ;2949;5 DESPESAS OPERACIONAL;07/26
6;1;   746;01;748;  710;     88761;TRANSFERENCIA;     20,50;;09/07/2026;08/07/2026;CONCILIADO;wramos  
5;1;   747;01;5202;COMISSAO DE VENDEDORES;COMISSAO SOLFACIL;09452472000150 ;TATONELLA ADMINISTRACAO EIRELI; ;INDAIATUBA;SP;BANCO DO BRASIL S.A. 1 / 2222-5 / 12345678-9;               ;           ;SERVIC DE OPERACAO E FORNECIME;;5.05.02.01.0010;2.01.01.10.0017;       37; ;      7.162,12;      7.162,12;      7.162,12;          0,00;          0,00;      7.162,12;10/07/2026;wramos  ;10/07/2026;07/07/2026;10/07/2026;          ;07/07/2026;MTZ;LIQU;;;;000 ;1949;4 DESPESAS ADM;06/26
6;1;   747;01;748;  710;     88761;TRANSFERENCIA;  7.162,12;;17/07/2026;10/07/2026;CONCILIADO;wramos  
5;1;   748;01;5409;MANUTENCAO E CONSERVACAO DE VEICULOS;2 - MOU180BD;15246645000186 ;SILVA E PRESOTTO - COMERCIO DE; ;ITATIBA;SP; ;               ;           ;;;5.02.01.01.0017;2.01.01.10.0017;     5402;35260615246645000186550010000054021957660240 ;      2.760,00;      2.760,00;        552,00;          0,00;          0,00;        552,00;13/07/2026;wramos  ;10/07/2026;05/06/2026;13/07/2026;          ;05/06/2026;FRT;LIQU;;;;000 ;1949;5 DESPESAS OPERACIONAL;06/26
6;1;   748;01;756; 3214;    161485;TRANSFERENCIA;    552,00;;13/07/2026;13/07/2026;CONCILIADO;wramos  
5;1;   749;01;5409;MANUTENCAO E CONSERVACAO DE VEICULOS;MANUTENCAO ELETRICA CARRETA APQ;13766195000127 ;AUTO ELETRICA PICA FIO LTDA; ;ITATIBA;SP; ;               ;           ;AUTO ELETRICA                 ;;5.02.01.01.0017;2.01.01.10.0017;      854; ;      1.300,00;      1.300,00;        433,34;          0,00;          0,00;        433,34;13/07/2026;wramos  ;10/07/2026;11/06/2026;13/07/2026;          ;11/06/2026;FRT;LIQU;;;;000 ;1949;5 DESPESAS OPERACIONAL;06/26
6;1;   749;01;756; 3214;    161485;TRANSFERENCIA;    433,34;;13/07/2026;13/07/2026;CONCILIADO;wramos  
5;1;   750;01;5409;MANUTENCAO E CONSERVACAO DE VEICULOS;MANUTENCAO STRADA BRUNO MD SOM;00035987892899 ;BRUNO DA SILVA OLIVEIRA; ;INDAIATUBA;SP; ;               ;           ;COMERCIAL                     ;;5.02.01.01.0017;2.01.01.10.0017; 12554545; ;      1.760,00;      1.760,00;        440,00;          0,00;          0,00;        440,00;13/07/2026;wramos  ;10/07/2026;11/06/2026;13/07/2026;          ;11/06/2026;MTZ;LIQU;;;;000 ;1949;5 DESPESAS OPERACIONAL;06/26
6;1;   750;01;748;  710;     88761;TRANSFERENCIA;    440,00;;13/07/2026;13/07/2026;CONCILIADO;wramos  
5;1;   752;01;5409;MANUTENCAO E CONSERVACAO DE VEICULOS;MANUTENCAO CARRETA JOM SOLDA CHASSI;37337605000182 ;FREITAS E FREITAS COMERCIO DE ; ;CACAPAVA;SP; ;               ;           ;;;5.02.01.01.0017;2.01.01.10.0017;    87887; ;      1.500,00;      1.500,00;        375,00;          0,00;          0,00;        375,00;16/07/2026;wramos  ;20/07/2026;30/06/2026;20/07/2026;          ;30/06/2026;FRT;LIQU;;;;000 ;1949;5 DESPESAS OPERACIONAL;07/26
6;1;   752;01;756; 3214;    161485;TRANSFERENCIA;    375,00;;16/07/2026;16/07/2026;CONCILIADO;wramos  
5;1;   753;01;5103;FRETE COLETA/ENTREGA DE VEICULOS TERCEIROS;FRETE JULIO;31628453000190 ;DOUGLAS GADENS - TRANSPORTES; ;MONTE MOR;SP;SICOOB 756 / 3191- / 34746-9;               ;           ;;;5.02.02.01.0020;2.01.01.30.0013;    85457; ;         54,06;         54,06;         54,06;          0,00;          0,00;         54,06;17/07/2026;wramos  ;08/07/2026;07/07/2026;08/07/2026;          ;07/07/2026;MTZ;LIQU;;;;000 ;1351;14 SERVICOS TERCEIROS;07/26
6;1;   753;01;748;  710;     88761;TRANSFERENCIA;     54,06;;17/07/2026;08/07/2026;CONCILIADO;wramos  
5;1;   754;01;5803;PUBLICIDADE E PROPAGANDA;FATURA DE CARTAO SICREDI;01181521000155 ;BANCO COOPERATIVO SICREDI SA; ;PORTO ALEGRE;RS; ;               ;           ;BANCO COOPERATIVO             ;;;;     8791; ;         39,90;         39,90;         39,90;          0,00;          0,00;         39,90;17/07/2026;wramos  ;08/07/2026;01/07/2026;08/07/2026;          ;01/07/2026;MTZ;LIQU;;;;000 ;0000;4 DESPESAS ADM;07/26
6;1;   754;01;748;  710;     88761;TRANSFERENCIA;     39,90;;17/07/2026;08/07/2026;CONCILIADO;wramos  
5;1;   755;01;5402;SEGURO DE VEICULOS;SEGURO STRADA;29980158000157 ;HDI SEGUROS SA; ;SAO PAULO;SP; ;               ;           ;SEGURADORA                    ;;5.06.01.01.0013;2.01.01.10.0020;     1236; ;      2.847,60;      2.847,60;        316,40;          0,00;          0,00;        316,40;17/07/2026;wramos  ;13/07/2026;01/07/2026;13/07/2026;          ;01/07/2026;MTZ;CANC;;;;000 ;1949;5 DESPESAS OPERACIONAL;07/26
5;1;   757;01;5306;TELEFONIA E COMUNICACAO DE DADOS;INTERNET VMAX BRUNO;00035987892899 ;BRUNO DA SILVA OLIVEIRA; ;INDAIATUBA;SP; ;               ;           ;COMERCIAL                     ;;5.03.01.01.0015;2.01.01.10.0020;    87588; ;        129,90;        129,90;        129,90;          0,00;          0,00;        129,90;20/07/2026;wramos  ;15/07/2026;01/07/2026;15/07/2026;          ;01/07/2026;MTZ;LIQU;;;;000 ;1304;4 DESPESAS ADM;07/26
6;1;   757;01;748;  710;     88761;TRANSFERENCIA;    129,90;;22/07/2026;16/07/2026;CONCILIADO;wramos  
5;1;   758;01;5210;ACERTO CONTA FORNECEDOR;PAGAMENTO DESPESAS 123;62715353000125 ;BWT SUPLEMENTOS LTDA; ;CATANDUVA;SP; ;               ;           ;COMERCIO DE SUPLEMENTO ALIMENT;;2.01.01.30.0020;2.01.01.10.0017;    85485; ;      1.500,00;      1.500,00;      1.500,00;          0,00;          0,00;      1.500,00;22/07/2026;wramos  ;10/07/2026;10/07/2026;10/07/2026;          ;10/07/2026;MTZ;LIQU;;;;000 ;1949;4 DESPESAS ADM;07/26
6;1;   758;01;748;  710;     88761;TRANSFERENCIA;  1.500,00;;22/07/2026;10/07/2026;CONCILIADO;wramos  
5;1;   759;01;5317;TARIFA BANCARIA;TARIFA MANUTENCAO C/C;01181521000155 ;BANCO COOPERATIVO SICREDI SA; ;PORTO ALEGRE;RS; ;               ;           ;BANCO COOPERATIVO             ;;5.09.01.01.0020;2.01.01.10.0020;   879259; ;         31,98;         31,98;         31,98;          0,00;          0,00;         31,98;22/07/2026;wramos  ;10/07/2026;10/07/2026;10/07/2026;          ;10/07/2026;MTZ;LIQU;;;;000 ;2949;99 OUTROS;07/26
6;1;   759;01;748;  710;     88761;TRANSFERENCIA;     31,98;;22/07/2026;10/07/2026;CONCILIADO;wramos  
5;1;   760;01;5210;ACERTO CONTA FORNECEDOR;PAGAMENTO DESPESAS 123;62715353000125 ;BWT SUPLEMENTOS LTDA; ;CATANDUVA;SP; ;               ;           ;COMERCIO DE SUPLEMENTO ALIMENT;;2.01.01.30.0020;2.01.01.10.0017;    85458; ;        500,00;        500,00;        500,00;          0,00;          0,00;        500,00;22/07/2026;wramos  ;13/07/2026;13/07/2026;13/07/2026;          ;13/07/2026;MTZ;LIQU;;;;000 ;1949;4 DESPESAS ADM;07/26
6;1;   760;01;748;  710;     88761;TRANSFERENCIA;    500,00;;22/07/2026;13/07/2026;CONCILIADO;wramos  
5;1;   761;01;5403;PEDAGIOS;PEDAGIO JACEREI X ITATIBA;10647979000148 ;CONCESSIONARIA ROTA DAS BANDEI; ;ACOPIARA;CE; ;               ;           ;PEDAGIOS                      ;;5.02.02.01.0013;2.01.01.10.0020;   877877; ;         50,20;         50,20;         50,20;          0,00;          0,00;         50,20;22/07/2026;wramos  ;14/07/2026;14/07/2026;14/07/2026;          ;14/07/2026;FRT;LIQU;;;;000 ;2949;5 DESPESAS OPERACIONAL;07/26
6;1;   761;01;748;  710;     88761;TRANSFERENCIA;     50,20;;22/07/2026;14/07/2026;CONCILIADO;wramos  
5;1;   762;01;5210;ACERTO CONTA FORNECEDOR;APORTE 123 PAGAMENTO CHOPAO;62715353000125 ;BWT SUPLEMENTOS LTDA; ;CATANDUVA;SP; ;               ;           ;COMERCIO DE SUPLEMENTO ALIMENT;;2.01.01.30.0020;2.01.01.10.0017;   871445; ;        300,00;        300,00;        300,00;          0,00;          0,00;        300,00;22/07/2026;wramos  ;14/07/2026;14/07/2026;14/07/2026;          ;14/07/2026;MTZ;LIQU;;;;000 ;1949;4 DESPESAS ADM;07/26
6;1;   762;01;748;  710;     88761;TRANSFERENCIA;    300,00;;22/07/2026;14/07/2026;CONCILIADO;wramos  
5;1;   763;01;5403;PEDAGIOS;PEDAGIO;10647979000148 ;CONCESSIONARIA ROTA DAS BANDEI; ;ACOPIARA;CE; ;               ;           ;PEDAGIOS                      ;;5.02.02.01.0013;2.01.01.10.0020;   874587; ;          5,70;          5,70;          5,70;          0,00;          0,00;          5,70;22/07/2026;wramos  ;15/07/2026;15/07/2026;15/07/2026;          ;15/07/2026;FRT;LIQU;;;;000 ;2949;5 DESPESAS OPERACIONAL;07/26
6;1;   763;01;748;  710;     88761;TRANSFERENCIA;      5,70;;22/07/2026;15/07/2026;CONCILIADO;wramos  
5;1;   764;01;5317;TARIFA BANCARIA;CAPITAL SOCIAL;01181521000155 ;BANCO COOPERATIVO SICREDI SA; ;PORTO ALEGRE;RS; ;               ;           ;BANCO COOPERATIVO             ;;5.09.01.01.0020;2.01.01.10.0020;    85475; ;        100,00;        100,00;        100,00;          0,00;          0,00;        100,00;22/07/2026;wramos  ;15/07/2026;15/07/2026;15/07/2026;          ;15/07/2026;FRT;LIQU;;;;000 ;2949;99 OUTROS;07/26
6;1;   764;01;748;  710;     88761;TRANSFERENCIA;    100,00;;22/07/2026;15/07/2026;CONCILIADO;wramos  
5;1;   765;01;5407;COMBUSTIVEIS E LUBRIFICANTES;ABASTECIMENTO VIAGEM ITATIBA;00032071194845 ;WELLINGTON TEIXEIRA RAMOS; ;APARECIDA;SP; ;               ;           ;REEMBOLSO                     ;;5.02.01.01.0010;2.01.01.10.0017;  1255555; ;        250,00;        250,00;        250,00;          0,00;          0,00;        250,00;22/07/2026;wramos  ;16/07/2026;16/07/2026;16/07/2026;          ;16/07/2026;MTZ;LIQU;;;;000 ;1653;5 DESPESAS OPERACIONAL;07/26
6;1;   765;01;748;  710;     88761;TRANSFERENCIA;    250,00;;22/07/2026;16/07/2026;CONCILIADO;wramos  
5;1;   766;01;5210;ACERTO CONTA FORNECEDOR;APORTE 123 ALTERACAO CONT E CONTABILIDADE;62715353000125 ;BWT SUPLEMENTOS LTDA; ;CATANDUVA;SP; ;               ;           ;COMERCIO DE SUPLEMENTO ALIMENT;;2.01.01.30.0020;2.01.01.10.0017;   878248; ;        665,00;        665,00;        665,00;          0,00;          0,00;        665,00;22/07/2026;wramos  ;16/07/2026;16/07/2026;16/07/2026;          ;16/07/2026;MTZ;LIQU;;;;000 ;1949;4 DESPESAS ADM;07/26
6;1;   766;01;748;  710;     88761;TRANSFERENCIA;    665,00;;22/07/2026;16/07/2026;CONCILIADO;wramos  
5;1;   767;01;5403;PEDAGIOS;PEDAGIO;00032071194845 ;WELLINGTON TEIXEIRA RAMOS; ;APARECIDA;SP; ;               ;           ;REEMBOLSO                     ;;5.02.02.01.0013;2.01.01.10.0020;  1258888; ;          7,70;          7,70;          7,70;          0,00;          0,00;          7,70;22/07/2026;wramos  ;16/07/2026;16/07/2026;16/07/2026;          ;16/07/2026;MTZ;LIQU;;;;000 ;1949;5 DESPESAS OPERACIONAL;07/26
6;1;   767;01;748;  710;     88761;TRANSFERENCIA;      7,70;;22/07/2026;16/07/2026;CONCILIADO;wramos  
5;1;   768;01;5502;SEGURO DE CARGAS;SALDO FINAL CANCELAMENTO DO SEGURO SOMPO;61383493000180 ;SOMPO SEGUROS S.A.; ;SAO PAULO;SP; ;               ;           ;SEGUROS NAO-VIDA              ;;5.06.01.01.0010;2.01.01.10.0020;  8545985; ;        173,49;        173,49;        173,49;          0,00;          0,00;        173,49;22/07/2026;wramos  ;16/07/2026;16/07/2026;16/07/2026;          ;16/07/2026;FRT;LIQU;;;;000 ;1949;5 DESPESAS OPERACIONAL;05/26
6;1;   768;01;748;  710;     88761;TRANSFERENCIA;    173,49;;22/07/2026;16/07/2026;CONCILIADO;wramos  
5;1;   769;01;5502;SEGURO DE CARGAS;SEGURO SOMPO CANCELADO SALDO RESTANTE;61383493000180 ;SOMPO SEGUROS S.A.; ;SAO PAULO;SP; ;               ;           ;SEGUROS NAO-VIDA              ;;5.06.01.01.0010;2.01.01.10.0020;   879554; ;        173,49;        173,49;        173,49;          0,00;          0,00;        173,49;22/07/2026;wramos  ;16/07/2026;16/07/2026;16/07/2026;          ;16/07/2026;FRT;CANC;;;;000 ;1949;5 DESPESAS OPERACIONAL;05/26
5;1;   770;01;5502;SEGURO DE CARGAS;SALDO FINAL RESTANTE SEGURO DE CARGA SOMPO;61383493000180 ;SOMPO SEGUROS S.A.; ;SAO PAULO;SP; ;               ;           ;SEGUROS NAO-VIDA              ;;5.06.01.01.0010;2.01.01.10.0020; 17845558; ;        173,49;        173,49;        173,49;          0,00;          0,00;        173,49;22/07/2026;wramos  ;16/07/2026;16/07/2026;16/07/2026;          ;16/07/2026;MTZ;LIQU;;;;000 ;1949;5 DESPESAS OPERACIONAL;05/26
6;1;   770;01;748;  710;     88761;TRANSFERENCIA;    173,49;;22/07/2026;16/07/2026;CONCILIADO;wramos  
5;1;   771;01;5803;PUBLICIDADE E PROPAGANDA;FATURA CARTAO NUBANK;18236120000158 ;NU PAGAMENTOS S.A. - INSTITUIC; ;SANTANA DO LIVRAMENTO;RS; ;               ;           ;BANCO DIGITAL                 ;;;;  8795455; ;        653,27;        653,27;        653,27;          0,00;          0,00;        653,27;22/07/2026;wramos  ;16/07/2026;16/07/2026;16/07/2026;          ;16/07/2026;MTZ;LIQU;;;;000 ;0000;4 DESPESAS ADM;06/26
6;1;   771;01;748;  710;     88761;TRANSFERENCIA;    653,27;;22/07/2026;16/07/2026;CONCILIADO;wramos  
5;1;   772;01;5301;ALUGUEL DO IMOVEL;COOWORKING SJC;17813642000102 ;TILIT ESCRITORIO EMPRESARIAL L; ;SAO JOSE DOS CAMPOS;SP; ;               ;           ;COOWKING                      ;;5.02.02.01.0035;2.01.01.10.0020; 85475255; ;        269,00;        269,00;        269,00;          0,00;          0,00;        269,00;22/07/2026;wramos  ;16/07/2026;16/07/2026;16/07/2026;          ;16/07/2026;MTZ;LIQU;;;;000 ;1949;4 DESPESAS ADM;06/26
6;1;   772;01;748;  710;     88761;TRANSFERENCIA;    269,00;;22/07/2026;16/07/2026;CONCILIADO;wramos  
5;1;   773;01;5908;EXAMES MEDICOS;PAGAMENTO SAUDE OCUPACIONAL;13991429000130 ;ITA OCUPACIONAL LTDA; ;ITATIBA;SP; ;               ;           ;**                            ;;;;    85454; ;        130,00;        130,00;        130,00;          0,00;          0,00;        130,00;22/07/2026;wramos  ;16/07/2026;01/07/2026;16/07/2026;          ;01/07/2026;MTZ;LIQU;;;;000 ;0000;4 DESPESAS ADM;06/26
6;1;   773;01;748;  710;     88761;TRANSFERENCIA;    130,00;;22/07/2026;16/07/2026;CONCILIADO;wramos  
5;1;   774;01;5314;GERENCIAMENTO DE RISCO;MONITORAMENTO DE CARGA;10441761000132 ;MEDEIROS MONITORAMENTO EIRELI; ;SAO JOSE DO RIO PRETO;SP; ;               ;           ;MONITORAMENTO                 ;;5.02.02.01.0037;2.01.01.10.0017;  8475448; ;        125,00;        125,00;        125,00;          0,00;          0,00;        125,00;22/07/2026;wramos  ;16/07/2026;16/07/2026;16/07/2026;          ;16/07/2026;MTZ;LIQU;;;;000 ;1949;5 DESPESAS OPERACIONAL;06/26
6;1;   774;01;748;  710;     88761;TRANSFERENCIA;    125,00;;22/07/2026;16/07/2026;CONCILIADO;wramos  
5;1;   775;01;5806;SISTEMA;ASSINATURA FRETEBRAS;10885840000132 ;FRETEBRAS INTERNET SERVICES LT; ;CATALAO;GO; ;               ;           ;SERVICO TERCEIROS             ;;;;   847848; ;        350,00;        350,00;        350,00;          0,00;          0,00;        350,00;22/07/2026;wramos  ;16/07/2026;01/07/2026;16/07/2026;          ;01/07/2026;MTZ;LIQU;;;;000 ;0000;4 DESPESAS ADM;06/26
6;1;   775;01;748;  710;     88761;TRANSFERENCIA;    350,00;;22/07/2026;16/07/2026;CONCILIADO;wramos  
5;1;   776;01;5502;SEGURO DE CARGAS;SEGURO DE CARGA;61573796000166 ;ALLIANZ  SEGUROS  S.A; ;SAO PAULO;SP; ;               ;           ;SEGUROS                       ;;5.06.01.01.0010;2.01.01.10.0020;        1; ;      1.076,69;      1.076,69;      1.076,69;          0,00;          0,00;      1.076,69;22/07/2026;wramos  ;20/07/2026;01/07/2026;16/07/2026;          ;01/07/2026;MTZ;LIQU;;;;000 ;1949;5 DESPESAS OPERACIONAL;05/26
6;1;   776;01;748;  710;     88761;TRANSFERENCIA;  1.076,69;;22/07/2026;16/07/2026;CONCILIADO;wramos  
5;1;   777;01;5502;SEGURO DE CARGAS;SEGURO DE CARGA;61573796000166 ;ALLIANZ  SEGUROS  S.A; ;SAO PAULO;SP; ;               ;           ;SEGUROS                       ;;5.06.01.01.0010;2.01.01.10.0020;   215885; ;      1.076,69;      1.076,69;      1.076,69;          0,00;          0,00;      1.076,69;22/07/2026;wramos  ;20/07/2026;01/07/2026;16/07/2026;          ;01/07/2026;MTZ;LIQU;;;;000 ;1949;5 DESPESAS OPERACIONAL;05/26
6;1;   777;01;748;  710;     88761;TRANSFERENCIA;  1.076,69;;22/07/2026;16/07/2026;CONCILIADO;wramos  
5;1;   778;01;5806;SISTEMA;SISTEMA SSW;01446320000132 ;SSW SISTEMAS LTDA; ;CURITIBA;PR; ;               ;           ;MANUTENCAO DE SISTEMA         ;;;;   558481; ;      1.622,08;      1.622,08;      1.622,08;          0,00;          0,00;      1.622,08;22/07/2026;wramos  ;16/07/2026;01/07/2026;16/07/2026;          ;01/07/2026;MTZ;LIQU;;;;000 ;0000;4 DESPESAS ADM;06/26
6;1;   778;01;748;  710;     88761;TRANSFERENCIA;  1.622,08;;22/07/2026;16/07/2026;CONCILIADO;wramos  
5;1;   779;01;5314;GERENCIAMENTO DE RISCO;MONITORAMENTO ;27162201000141 ;TS CONTROL; ;SAO JOSE DO RIO PRETO;SP; ;               ;           ;SEGURANCA                     ;;5.02.02.01.0037;2.01.01.10.0017;    87824; ;         49,90;         49,90;         49,90;          0,00;          0,00;         49,90;22/07/2026;wramos  ;20/07/2026;01/07/2026;16/07/2026;          ;01/07/2026;MTZ;LIQU;;;;000 ;1949;5 DESPESAS OPERACIONAL;06/26
6;1;   779;01;748;  710;     88761;TRANSFERENCIA;     49,90;;22/07/2026;16/07/2026;CONCILIADO;wramos  
5;1;   780;01;1555;CONTABILIDADE;CONTABILIDADE;24824630000149 ;MASTER CONTABIL CATANDUVA LTDA; ;CATANDUVA;SP; ;               ;           ;CONTABILIDADE                 ;;;;    85475; ;      1.096,90;      1.096,90;      1.096,90;          0,00;          0,00;      1.096,90;22/07/2026;wramos  ;20/07/2026;01/07/2026;16/07/2026;          ;01/07/2026;MTZ;LIQU;;;;000 ;0000;4 DESPESAS ADM;06/26
6;1;   780;01;748;  710;     88761;TRANSFERENCIA;  1.096,90;;22/07/2026;16/07/2026;CONCILIADO;wramos  
5;1;   781;01;5900;SEGUROS;SEGURO EMPILHADEIRA;92682038000100 ;BRADESCO AUTO RE; ;RIO DE JANEIRO;RJ; ;               ;           ;SEGURO                        ;;;;   878888; ;        112,54;        112,54;        112,54;          0,00;          0,00;        112,54;22/07/2026;wramos  ;20/07/2026;01/07/2026;16/07/2026;          ;01/07/2026;MTZ;LIQU;;;;000 ;0000;4 DESPESAS ADM;06/26
6;1;   781;01;748;  710;     88761;TRANSFERENCIA;    112,54;;22/07/2026;16/07/2026;CONCILIADO;wramos  
5;1;   782;01;5803;PUBLICIDADE E PROPAGANDA;SELECAO DE CURRICULOS MOTORISTA;42812419000198 ;THAMIRES RUFINO; ;INDAIATUBA;SP; ;               ;           ;ACESSORIA                     ;;;;        1; ;        570,00;        570,00;        570,00;          0,00;          0,00;        570,00;22/07/2026;wramos  ;15/07/2026;01/07/2026;16/07/2026;          ;01/07/2026;MTZ;LIQU;;;;000 ;0000;4 DESPESAS ADM;07/26
6;1;   782;01;748;  710;     88761;TRANSFERENCIA;    570,00;;22/07/2026;16/07/2026;CONCILIADO;wramos  
5;1;   783;01;5409;MANUTENCAO E CONSERVACAO DE VEICULOS;001 - 13 - REPARO DA BOMBA DE ALTA PRESSAO DIESEL CP2;13912620000149 ;VDL ELETRODIESEL COMERCIO DE P; ;CAMPINAS;SP; ;               ;           ;;;5.02.01.01.0017;2.01.01.10.0017;     3859;35260713912620000149550010000038591000501674 ;      8.557,58;      8.557,58;      2.000,00;          0,00;          0,00;      2.000,00;22/07/2026;wramos  ;17/07/2026;17/07/2026;17/07/2026;          ;22/07/2026;FRT;LIQU;;;;000 ;1949;5 DESPESAS OPERACIONAL;07/26
6;1;   783;01;748;  710;     88761;TRANSFERENCIA;  2.000,00;;03/08/2026;17/07/2026;CONCILIADO;wramos  
5;1;   784;01;5466;PRO-LABORE;PRO LABORE;00032071194845 ;WELLINGTON TEIXEIRA RAMOS; ;APARECIDA;SP; ;               ;           ;REEMBOLSO                     ;;;;       93; ;      6.000,00;      6.000,00;      6.000,00;          0,00;          0,00;      6.000,00;23/07/2026;wramos  ;20/07/2026;10/07/2026;16/07/2026;          ;10/07/2026;MTZ;LIQU;;;;000 ;0000;4 DESPESAS ADM;06/26
6;1;   784;01;748;  710;     88761;TRANSFERENCIA;  6.000,00;;23/07/2026;16/07/2026;CONCILIADO;wramos  
5;1;   785;01;5806;SISTEMA;RENOVACAO DE CERTIFICADO DIGITAL;29747570000121 ;DIGITAL SERVICE CERTIFICACAO D; ;INDAIATUBA;SP; ;               ;           ;CERTIFICADO DIGITAL           ;;;;  8757585; ;        189,00;        189,00;        189,00;          0,00;          0,00;        189,00;23/07/2026;wramos  ;20/07/2026;16/06/2026;16/07/2026;          ;16/06/2026;MTZ;LIQU;;;;000 ;0000;4 DESPESAS ADM;07/26
6;1;   785;01;748;  710;     88761;TRANSFERENCIA;    189,00;;23/07/2026;16/07/2026;CONCILIADO;wramos  
5;1;   786;01;5403;PEDAGIOS;PEDAGIO;10647979000148 ;CONCESSIONARIA ROTA DAS BANDEI; ;ACOPIARA;CE; ;               ;           ;PEDAGIOS                      ;;5.02.02.01.0013;2.01.01.10.0020;     8744; ;         36,90;         36,90;         36,90;          0,00;          0,00;         36,90;23/07/2026;wramos  ;20/07/2026;20/07/2026;20/07/2026;          ;20/07/2026;FRT;LIQU;;;;000 ;2949;5 DESPESAS OPERACIONAL;07/26
6;1;   786;01;748;  710;     88761;TRANSFERENCIA;     36,90;;23/07/2026;20/07/2026;CONCILIADO;wramos  
5;1;   787;01;5210;ACERTO CONTA FORNECEDOR;EMPRESTIMO BWT PALETES DEVOLUCAO 28/07;62702150000102 ;BWT COMERCIO DE PALETES LTDA; ;CATANDUVA;SP; ;               ;           ;FABRICACAO DE PALETES         ;;2.01.01.30.0020;2.01.01.10.0017;    85475; ;      1.000,00;      1.000,00;      1.000,00;          0,00;          0,00;      1.000,00;23/07/2026;wramos  ;20/07/2026;20/07/2026;20/07/2026;          ;20/07/2026;MTZ;LIQU;;;;000 ;1949;4 DESPESAS ADM;07/26
6;1;   787;01;748;  710;     88761;TRANSFERENCIA;  1.000,00;;23/07/2026;20/07/2026;CONCILIADO;wramos  
5;1;   788;01;5466;PRO-LABORE;PRO LABORE BRUNO;00035987892899 ;BRUNO DA SILVA OLIVEIRA; ;INDAIATUBA;SP; ;               ;           ;COMERCIAL                     ;;;;  8585548; ;      1.565,64;      1.565,64;      1.565,64;          0,00;          0,00;      1.565,64;23/07/2026;wramos  ;20/07/2026;20/07/2026;20/07/2026;          ;20/07/2026;MTZ;LIQU;;;;000 ;0000;4 DESPESAS ADM;06/26
6;1;   788;01;748;  710;     88761;TRANSFERENCIA;  1.565,64;;23/07/2026;20/07/2026;CONCILIADO;wramos  
5;1;   789;01;5403;PEDAGIOS;PEDAGIO;10647979000148 ;CONCESSIONARIA ROTA DAS BANDEI; ;ACOPIARA;CE; ;               ;           ;PEDAGIOS                      ;;5.02.02.01.0013;2.01.01.10.0020;  8758848; ;         36,90;         36,90;         36,90;          0,00;          0,00;         36,90;23/07/2026;wramos  ;21/07/2026;21/07/2026;21/07/2026;          ;21/07/2026;FRT;LIQU;;;;000 ;2949;5 DESPESAS OPERACIONAL;07/26
6;1;   789;01;748;  710;     88761;TRANSFERENCIA;     36,90;;23/07/2026;21/07/2026;CONCILIADO;wramos  
5;1;   790;01;5403;PEDAGIOS;PEDAGIO;10647979000148 ;CONCESSIONARIA ROTA DAS BANDEI; ;ACOPIARA;CE; ;               ;           ;PEDAGIOS                      ;;5.02.02.01.0013;2.01.01.10.0020; 21523333; ;         46,70;         46,70;         46,70;          0,00;          0,00;         46,70;23/07/2026;wramos  ;23/07/2026;23/07/2026;23/07/2026;          ;23/07/2026;FRT;LIQU;;;;000 ;2949;5 DESPESAS OPERACIONAL;07/26
6;1;   790;01;748;  710;     88761;TRANSFERENCIA;     46,70;;23/07/2026;23/07/2026;CONCILIADO;wramos  
5;1;   791;01;5244;MATERIAL DE ESCRITORIO;UNIFORME;00040837489822 ;THAIS ANDRADE; ;ITATIBA;SP; ;               ;           ;UNIFORMES                     ;;5.03.01.01.0023;2.01.01.10.0017;    85458; ;        105,00;        105,00;        105,00;          0,00;          0,00;        105,00;23/07/2026;wramos  ;21/07/2026;21/07/2026;21/07/2026;          ;21/07/2026;FRT;LIQU;;;;000 ;1556;4 DESPESAS ADM;07/26
6;1;   791;01;748;  710;     88761;TRANSFERENCIA;    105,00;;23/07/2026;21/07/2026;CONCILIADO;wramos  
5;1;   792;01;5108;ICMS;ICMS;46377222000390 ;SECRETARIA DA FAZENDA E PLANEJ; ;SAO PAULO;SP; ;               ;           ;ORGAO PUBLICO                 ;;2.01.01.25.0010;2.01.01.25.0023;  8547587; ;     28.675,51;     28.675,51;     28.675,51;          0,00;          0,00;     28.675,51;23/07/2026;wramos  ;27/07/2026;10/07/2026;27/07/2026;          ;10/07/2026;MTZ;CANC;;;;000 ;1949;1 IMPOSTOS;06/26
5;1;   793;01;5115;PIS;PIS;00394460005887 ;MINISTERIO ECONOMIA RECEITA FE; ;BRASILIA;DF; ;               ;           ;IMPOSTOS                      ;;2.01.01.25.0041;2.01.01.25.0023;  8995565; ;      1.941,58;      1.941,58;      1.941,58;          0,00;          0,00;      1.941,58;23/07/2026;wramos  ;24/07/2026;10/07/2026;23/07/2026;          ;10/07/2026;MTZ;LIQU;;;;000 ;2949;1 IMPOSTOS;06/26
6;1;   793;01;748;  710;     88761;TRANSFERENCIA;  1.941,58;;23/07/2026;23/07/2026;CONCILIADO;wramos  
5;1;   794;01;5256;COFINS;COFINS;00394460005887 ;MINISTERIO ECONOMIA RECEITA FE; ;BRASILIA;DF; ;               ;           ;IMPOSTOS                      ;;2.01.01.25.0042;2.01.01.25.0023;   854255; ;      8.961,13;      8.961,13;      8.961,13;          0,00;          0,00;      8.961,13;23/07/2026;wramos  ;24/07/2026;10/07/2026;23/07/2026;          ;10/07/2026;MTZ;LIQU;;;;000 ;2949;1 IMPOSTOS;06/26
6;1;   794;01;748;  710;     88761;TRANSFERENCIA;  8.961,13;;23/07/2026;23/07/2026;CONCILIADO;wramos  
5;1;   795;01;5118;IR;IRPJ TRIMESNTRAL;00394460005887 ;MINISTERIO ECONOMIA RECEITA FE; ;BRASILIA;DF; ;               ;           ;IMPOSTOS                      ;;2.01.01.25.0015;2.01.01.25.0023;   854525; ;     13.804,50;     13.804,50;     13.804,50;          0,00;          0,00;     13.804,50;23/07/2026;wramos  ;31/07/2026;10/07/2026;31/07/2026;          ;10/07/2026;MTZ;PEND;;;;000 ;2949;1 IMPOSTOS;06/26
5;1;   796;01;5257;CSLL;CSLL TRIMESTRAL;00394460005887 ;MINISTERIO ECONOMIA RECEITA FE; ;BRASILIA;DF; ;               ;           ;IMPOSTOS                      ;;2.01.01.20.0030;2.01.01.25.0023;   854778; ;     10.694,43;     10.694,43;     10.694,43;          0,00;          0,00;     10.694,43;23/07/2026;wramos  ;31/07/2026;10/07/2026;31/07/2026;          ;10/07/2026;MTZ;PEND;;;;000 ;2949;1 IMPOSTOS;06/26
5;1;   797;01;5103;FRETE COLETA/ENTREGA DE VEICULOS TERCEIROS;PAGAMENTO DO ADIANTAMENTO CTRB IND     32-9;24155982000159 ;JOSE AUGUSTO ANDREOSI 31708058; ;CABREUVA;SP;BRADESCO S.A. 237 / 0158-9 / 025223-9;               ;           ;FRETE COLETA/ENTREGA          ;;5.02.02.01.0020;2.01.01.30.0013;      959; ;      3.283,85;      3.283,85;      2.298,00;          0,00;          0,00;      2.298,00;27/07/2026;elton   ;27/07/2026;27/07/2026;27/07/2026;          ;27/07/2026;IND;LIQU;;;;000 ;1351;14 SERVICOS TERCEIROS;07/26
6;1;   797;01;748;  710;     88761;TRANSFERENCIA;  2.298,00;;28/07/2026;27/07/2026;CONCILIADO;wramos  
5;1;   797;02;5103;FRETE COLETA/ENTREGA DE VEICULOS TERCEIROS;PAGAMENTO DO SALDO CTRB IND     32-9;24155982000159 ;JOSE AUGUSTO ANDREOSI 31708058; ;CABREUVA;SP;BRADESCO S.A. 237 / 0158-9 / 025223-9;               ;           ;FRETE COLETA/ENTREGA          ;;5.02.02.01.0020;2.01.01.30.0013;      959; ;      3.283,85;      3.283,85;        985,85;          0,00;          0,00;        985,85;27/07/2026;elton   ;27/07/2026;27/07/2026;27/07/2026;          ;27/07/2026;IND;LIQU;;;;000 ;1351;14 SERVICOS TERCEIROS;07/26
6;1;   797;02;748;  710;     88761;TRANSFERENCIA;    985,85;;28/07/2026;28/07/2026;CONCILIADO;wramos  
5;1;   798;01;5403;PEDAGIOS;PAGAMENTO DO PEDAGIO CTRB IND     32-9;24155982000159 ;JOSE AUGUSTO ANDREOSI 31708058; ;CABREUVA;SP;BRADESCO S.A. 237 / 0158-9 / 025223-9;               ;           ;FRETE COLETA/ENTREGA          ;;5.02.02.01.0013;2.01.01.10.0020;      959; ;        216,15;        216,15;        216,15;          0,00;          0,00;        216,15;27/07/2026;elton   ;27/07/2026;27/07/2026;27/07/2026;          ;27/07/2026;IND;LIQU;;;;000 ;1949;5 DESPESAS OPERACIONAL;07/26
6;1;   798;01;748;  710;     88761;TRANSFERENCIA;    216,15;;28/07/2026;27/07/2026;CONCILIADO;wramos  
5;1;   799;01;5403;PEDAGIOS;PEDAGIO;10647979000148 ;CONCESSIONARIA ROTA DAS BANDEI; ;ACOPIARA;CE; ;               ;           ;PEDAGIOS                      ;;5.02.02.01.0013;2.01.01.10.0020;   879987; ;          7,00;          7,00;          7,00;          0,00;          0,00;          7,00;27/07/2026;wramos  ;23/07/2026;23/07/2026;23/07/2026;          ;23/07/2026;FRT;LIQU;;;;000 ;2949;5 DESPESAS OPERACIONAL;07/26
6;1;   799;01;748;  710;     88761;TRANSFERENCIA;      7,00;;27/07/2026;23/07/2026;CONCILIADO;wramos  
5;1;   800;01;5403;PEDAGIOS;PEDAGIO;10647979000148 ;CONCESSIONARIA ROTA DAS BANDEI; ;ACOPIARA;CE; ;               ;           ;PEDAGIOS                      ;;5.02.02.01.0013;2.01.01.10.0020;    87881; ;         41,00;         41,00;         41,00;          0,00;          0,00;         41,00;27/07/2026;wramos  ;24/07/2026;24/07/2026;24/07/2026;          ;24/07/2026;FRT;LIQU;;;;000 ;2949;5 DESPESAS OPERACIONAL;07/26
6;1;   800;01;748;  710;     88761;TRANSFERENCIA;     41,00;;27/07/2026;24/07/2026;CONCILIADO;wramos  
5;1;   801;01;5101;FRETE TRANSFERENCIA DE VEICULOS TERCEIROS;PAGAMENTO DO ADIANTAMENTO CTRB SJK      1-9;00014286969622 ;FELIPE CRISTOVAO SOARES SANTIA;+5531985390206 ;IPATINGA;MG;BRADESCO S.A. 237 / 0467-7 / 228260-7;00014286969622 ;FELIPE CRIS;FRETE TRANSFERENCIA           ;;5.02.02.01.0015;2.01.01.30.0010;     1025; ;      7.500,00;      7.500,00;      5.250,00;          0,00;          0,00;      5.250,00;28/07/2026;wramos  ;29/07/2026;28/07/2026;29/07/2026;          ;28/07/2026;SJK;CANC;;;;000 ;1351;14 SERVICOS TERCEIROS;07/26
5;1;   801;02;5101;FRETE TRANSFERENCIA DE VEICULOS TERCEIROS;PAGAMENTO DO SALDO CTRB SJK      1-9;00014286969622 ;FELIPE CRISTOVAO SOARES SANTIA;+5531985390206 ;IPATINGA;MG;BRADESCO S.A. 237 / 0467-7 / 228260-7;00014286969622 ;FELIPE CRIS;FRETE TRANSFERENCIA           ;;5.02.02.01.0015;2.01.01.30.0010;     1025; ;      7.500,00;      7.500,00;      2.250,00;          0,00;          0,00;      2.250,00;28/07/2026;wramos  ;30/07/2026;28/07/2026;30/07/2026;          ;28/07/2026;SJK;CANC;;;;000 ;1351;14 SERVICOS TERCEIROS;07/26
5;1;   802;01;5101;FRETE TRANSFERENCIA DE VEICULOS TERCEIROS;PAGAMENTO DO ADIANTAMENTO CTRB SJK      2-7;00014286969622 ;FELIPE CRISTOVAO SOARES SANTIA;+5531985390206 ;IPATINGA;MG;BRADESCO S.A. 237 / 0467-7 / 228260-7;00014286969622 ;FELIPE CRIS;FRETE TRANSFERENCIA           ;;5.02.02.01.0015;2.01.01.30.0010;     1026; ;      7.500,00;      7.500,00;      5.250,00;          0,00;          0,00;      5.250,00;28/07/2026;wramos  ;29/07/2026;28/07/2026;29/07/2026;          ;28/07/2026;SJK;CANC;;;;000 ;1351;14 SERVICOS TERCEIROS;07/26
5;1;   802;02;5101;FRETE TRANSFERENCIA DE VEICULOS TERCEIROS;PAGAMENTO DO SALDO CTRB SJK      2-7;00014286969622 ;FELIPE CRISTOVAO SOARES SANTIA;+5531985390206 ;IPATINGA;MG;BRADESCO S.A. 237 / 0467-7 / 228260-7;00014286969622 ;FELIPE CRIS;FRETE TRANSFERENCIA           ;;5.02.02.01.0015;2.01.01.30.0010;     1026; ;      7.500,00;      7.500,00;      2.250,00;          0,00;          0,00;      2.250,00;28/07/2026;wramos  ;30/07/2026;28/07/2026;30/07/2026;          ;28/07/2026;SJK;CANC;;;;000 ;1351;14 SERVICOS TERCEIROS;07/26
5;1;   803;01;5101;FRETE TRANSFERENCIA DE VEICULOS TERCEIROS;PAGAMENTO DO ADIANTAMENTO CTRB SJK      3-5;00014286969622 ;FELIPE CRISTOVAO SOARES SANTIA;+5531985390206 ;IPATINGA;MG;BRADESCO S.A. 237 / 0467-7 / 228260-7;00014286969622 ;FELIPE CRIS;FRETE TRANSFERENCIA           ;;5.02.02.01.0015;2.01.01.30.0010;     1027; ;      7.500,00;      7.500,00;      5.250,00;          0,00;          0,00;      5.250,00;28/07/2026;wramos  ;29/07/2026;28/07/2026;29/07/2026;          ;28/07/2026;SJK;CANC;;;;000 ;1351;14 SERVICOS TERCEIROS;07/26
5;1;   803;02;5101;FRETE TRANSFERENCIA DE VEICULOS TERCEIROS;PAGAMENTO DO SALDO CTRB SJK      3-5;00014286969622 ;FELIPE CRISTOVAO SOARES SANTIA;+5531985390206 ;IPATINGA;MG;BRADESCO S.A. 237 / 0467-7 / 228260-7;00014286969622 ;FELIPE CRIS;FRETE TRANSFERENCIA           ;;5.02.02.01.0015;2.01.01.30.0010;     1027; ;      7.500,00;      7.500,00;      2.250,00;          0,00;          0,00;      2.250,00;28/07/2026;wramos  ;30/07/2026;28/07/2026;30/07/2026;          ;28/07/2026;SJK;CANC;;;;000 ;1351;14 SERVICOS TERCEIROS;07/26
5;1;   804;01;5101;FRETE TRANSFERENCIA DE VEICULOS TERCEIROS;PAGAMENTO DO ADIANTAMENTO CTRB SJK      4-3;00014286969622 ;FELIPE CRISTOVAO SOARES SANTIA;+5531985390206 ;IPATINGA;MG;BRADESCO S.A. 237 / 0467-7 / 228260-7;00014286969622 ;FELIPE CRIS;FRETE TRANSFERENCIA           ;;5.02.02.01.0015;2.01.01.30.0010;     1028; ;      7.500,00;      7.500,00;      5.250,00;          0,00;          0,00;      5.250,00;28/07/2026;wramos  ;29/07/2026;28/07/2026;29/07/2026;          ;28/07/2026;SJK;CANC;;;;000 ;1351;14 SERVICOS TERCEIROS;07/26
5;1;   804;02;5101;FRETE TRANSFERENCIA DE VEICULOS TERCEIROS;PAGAMENTO DO SALDO CTRB SJK      4-3;00014286969622 ;FELIPE CRISTOVAO SOARES SANTIA;+5531985390206 ;IPATINGA;MG;BRADESCO S.A. 237 / 0467-7 / 228260-7;00014286969622 ;FELIPE CRIS;FRETE TRANSFERENCIA           ;;5.02.02.01.0015;2.01.01.30.0010;     1028; ;      7.500,00;      7.500,00;      2.250,00;          0,00;          0,00;      2.250,00;28/07/2026;wramos  ;30/07/2026;28/07/2026;30/07/2026;          ;28/07/2026;SJK;CANC;;;;000 ;1351;14 SERVICOS TERCEIROS;07/26
5;1;   805;01;5101;FRETE TRANSFERENCIA DE VEICULOS TERCEIROS;PAGAMENTO DO ADIANTAMENTO CTRB SJK      5-1;00014286969622 ;FELIPE CRISTOVAO SOARES SANTIA;+5531985390206 ;IPATINGA;MG;BRADESCO S.A. 237 / 0467-7 / 228260-7;00014286969622 ;FELIPE CRIS;FRETE TRANSFERENCIA           ;;5.02.02.01.0015;2.01.01.30.0010;     1029; ;      7.500,00;      7.500,00;      5.250,00;          0,00;          0,00;      5.250,00;28/07/2026;wramos  ;29/07/2026;28/07/2026;29/07/2026;          ;28/07/2026;SJK;CANC;;;;000 ;1351;14 SERVICOS TERCEIROS;07/26
5;1;   805;02;5101;FRETE TRANSFERENCIA DE VEICULOS TERCEIROS;PAGAMENTO DO SALDO CTRB SJK      5-1;00014286969622 ;FELIPE CRISTOVAO SOARES SANTIA;+5531985390206 ;IPATINGA;MG;BRADESCO S.A. 237 / 0467-7 / 228260-7;00014286969622 ;FELIPE CRIS;FRETE TRANSFERENCIA           ;;5.02.02.01.0015;2.01.01.30.0010;     1029; ;      7.500,00;      7.500,00;      2.250,00;          0,00;          0,00;      2.250,00;28/07/2026;wramos  ;30/07/2026;28/07/2026;30/07/2026;          ;28/07/2026;SJK;CANC;;;;000 ;1351;14 SERVICOS TERCEIROS;07/26
5;1;   806;01;5403;PEDAGIOS;PAGAMENTO DO PEDAGIO CTRB SJK      5-1;00014286969622 ;FELIPE CRISTOVAO SOARES SANTIA;+5531985390206 ;IPATINGA;MG;BRADESCO S.A. 237 / 0467-7 / 228260-7;00014286969622 ;FELIPE CRIS;FRETE TRANSFERENCIA           ;;5.02.02.01.0013;2.01.01.10.0020;     1029; ;        697,90;        697,90;        697,90;          0,00;          0,00;        697,90;28/07/2026;wramos  ;29/07/2026;28/07/2026;29/07/2026;          ;28/07/2026;SJK;CANC;;;;000 ;1949;5 DESPESAS OPERACIONAL;07/26
5;1;   807;01;5101;FRETE TRANSFERENCIA DE VEICULOS TERCEIROS;PAGAMENTO DO ADIANTAMENTO CTRB SJK      6-0;00014286969622 ;FELIPE CRISTOVAO SOARES SANTIA;+5531985390206 ;IPATINGA;MG;BRADESCO S.A. 237 / 0467-7 / 228260-7;00014286969622 ;FELIPE CRIS;FRETE TRANSFERENCIA           ;;5.02.02.01.0015;2.01.01.30.0010;     1030; ;      7.500,00;      7.500,00;      5.250,00;          0,00;          0,00;      5.250,00;28/07/2026;wramos  ;29/07/2026;28/07/2026;29/07/2026;          ;28/07/2026;SJK;CANC;;;;000 ;1351;14 SERVICOS TERCEIROS;07/26
5;1;   807;02;5101;FRETE TRANSFERENCIA DE VEICULOS TERCEIROS;PAGAMENTO DO SALDO CTRB SJK      6-0;00014286969622 ;FELIPE CRISTOVAO SOARES SANTIA;+5531985390206 ;IPATINGA;MG;BRADESCO S.A. 237 / 0467-7 / 228260-7;00014286969622 ;FELIPE CRIS;FRETE TRANSFERENCIA           ;;5.02.02.01.0015;2.01.01.30.0010;     1030; ;      7.500,00;      7.500,00;      2.250,00;          0,00;          0,00;      2.250,00;28/07/2026;wramos  ;30/07/2026;28/07/2026;30/07/2026;          ;28/07/2026;SJK;CANC;;;;000 ;1351;14 SERVICOS TERCEIROS;07/26
5;1;   808;01;5403;PEDAGIOS;PAGAMENTO DO PEDAGIO CTRB SJK      6-0;00014286969622 ;FELIPE CRISTOVAO SOARES SANTIA;+5531985390206 ;IPATINGA;MG;BRADESCO S.A. 237 / 0467-7 / 228260-7;00014286969622 ;FELIPE CRIS;FRETE TRANSFERENCIA           ;;5.02.02.01.0013;2.01.01.10.0020;     1030; ;        697,90;        697,90;        697,90;          0,00;          0,00;        697,90;28/07/2026;wramos  ;29/07/2026;28/07/2026;29/07/2026;          ;28/07/2026;SJK;CANC;;;;000 ;1949;5 DESPESAS OPERACIONAL;07/26
5;1;   809;01;5101;FRETE TRANSFERENCIA DE VEICULOS TERCEIROS;PAGAMENTO DO ADIANTAMENTO CTRB SJK      7-8;00014286969622 ;FELIPE CRISTOVAO SOARES SANTIA;+5531985390206 ;IPATINGA;MG;BRADESCO S.A. 237 / 0467-7 / 228260-7;00014286969622 ;FELIPE CRIS;FRETE TRANSFERENCIA           ;;5.02.02.01.0015;2.01.01.30.0010;     1031; ;      7.500,00;      7.500,00;      5.250,00;          0,00;          0,00;      5.250,00;28/07/2026;wramos  ;29/07/2026;28/07/2026;28/07/2026;          ;28/07/2026;SJK;LIQU;;;;000 ;1351;14 SERVICOS TERCEIROS;07/26
6;1;   809;01;748;  710;     88761;TRANSFERENCIA;  5.250,00;;03/08/2026;28/07/2026;CONCILIADO;wramos  
5;1;   809;02;5101;FRETE TRANSFERENCIA DE VEICULOS TERCEIROS;PAGAMENTO DO SALDO CTRB SJK      7-8;00014286969622 ;FELIPE CRISTOVAO SOARES SANTIA;+5531985390206 ;IPATINGA;MG;BRADESCO S.A. 237 / 0467-7 / 228260-7;00014286969622 ;FELIPE CRIS;FRETE TRANSFERENCIA           ;;5.02.02.01.0015;2.01.01.30.0010;     1031; ;      7.500,00;      7.500,00;      2.250,00;          0,00;          0,00;      2.250,00;28/07/2026;wramos  ;30/07/2026;28/07/2026;30/07/2026;          ;28/07/2026;SJK;LIQU;;;;000 ;1351;14 SERVICOS TERCEIROS;07/26
6;1;   809;02;756; 3214;    161485;TRANSFERENCIA;  2.250,00;;03/08/2026;31/07/2026;CONCILIADO;wramos  
5;1;   810;01;5403;PEDAGIOS;PAGAMENTO DO PEDAGIO CTRB SJK      7-8;00014286969622 ;FELIPE CRISTOVAO SOARES SANTIA;+5531985390206 ;IPATINGA;MG;BRADESCO S.A. 237 / 0467-7 / 228260-7;00014286969622 ;FELIPE CRIS;FRETE TRANSFERENCIA           ;;5.02.02.01.0013;2.01.01.10.0020;     1031; ;        697,90;        697,90;        697,90;          0,00;          0,00;        697,90;28/07/2026;wramos  ;29/07/2026;28/07/2026;28/07/2026;          ;28/07/2026;SJK;LIQU;;;;000 ;1949;5 DESPESAS OPERACIONAL;07/26
6;1;   810;01;756; 3214;    161485;TRANSFERENCIA;    697,90;;03/08/2026;28/07/2026;CONCILIADO;wramos  
5;1;   811;01;5210;ACERTO CONTA FORNECEDOR;APORTE 123 PAGAMENTO WESLEY;62715353000125 ;BWT SUPLEMENTOS LTDA; ;CATANDUVA;SP; ;               ;           ;COMERCIO DE SUPLEMENTO ALIMENT;;2.01.01.30.0020;2.01.01.10.0017;    84854; ;      1.000,00;      1.000,00;      1.000,00;          0,00;          0,00;      1.000,00;28/07/2026;wramos  ;24/07/2026;24/07/2026;24/07/2026;          ;24/07/2026;MTZ;LIQU;;;;000 ;1949;4 DESPESAS ADM;07/26
6;1;   811;01;748;  710;     88761;TRANSFERENCIA;  1.000,00;;28/07/2026;24/07/2026;CONCILIADO;wramos  
5;1;   812;01;5403;PEDAGIOS;PEDAGIO;10647979000148 ;CONCESSIONARIA ROTA DAS BANDEI; ;ACOPIARA;CE; ;               ;           ;PEDAGIOS                      ;;5.02.02.01.0013;2.01.01.10.0020;    85488; ;          6,36;          6,36;          6,36;          0,00;          0,00;          6,36;28/07/2026;wramos  ;24/07/2026;24/07/2026;24/07/2026;          ;24/07/2026;FRT;LIQU;;;;000 ;2949;5 DESPESAS OPERACIONAL;07/26
6;1;   812;01;748;  710;     88761;TRANSFERENCIA;      6,36;;28/07/2026;27/07/2026;CONCILIADO;wramos  
5;1;   813;01;5108;ICMS;ICMS;46377222000390 ;SECRETARIA DA FAZENDA E PLANEJ; ;SAO PAULO;SP; ;               ;           ;ORGAO PUBLICO                 ;;2.01.01.25.0010;2.01.01.25.0023;  8547888; ;     28.675,51;     28.675,51;     28.675,51;          0,00;          0,00;     28.675,51;28/07/2026;wramos  ;27/07/2026;20/07/2026;27/07/2026;          ;20/07/2026;MTZ;LIQU;;;;000 ;1949;1 IMPOSTOS;06/26
6;1;   813;01;748;  710;     88761;TRANSFERENCIA; 28.675,51;;28/07/2026;27/07/2026;CONCILIADO;wramos  
5;1;   814;01;5403;PEDAGIOS;PEDAGIO;10647979000148 ;CONCESSIONARIA ROTA DAS BANDEI; ;ACOPIARA;CE; ;               ;           ;PEDAGIOS                      ;;5.02.02.01.0013;2.01.01.10.0020;   878887; ;         36,90;         36,90;         36,90;          0,00;          0,00;         36,90;28/07/2026;wramos  ;27/07/2026;27/07/2026;27/07/2026;          ;27/07/2026;FRT;LIQU;;;;000 ;2949;5 DESPESAS OPERACIONAL;07/26
6;1;   814;01;748;  710;     88761;TRANSFERENCIA;     36,90;;28/07/2026;27/07/2026;CONCILIADO;wramos  
5;1;   815;01;5306;TELEFONIA E COMUNICACAO DE DADOS;RECARDA DE CELULAR MOTORISTA;02558157000162 ;VIVO - TELEFONICA BRASIL S/A -; ;SAO PAULO;SP; ;               ;           ;TELEFONIA MOVEL               ;;5.03.01.01.0015;2.01.01.10.0020;   878878; ;         20,00;         20,00;         20,00;          0,00;          0,00;         20,00;28/07/2026;wramos  ;27/07/2026;27/07/2026;27/07/2026;          ;27/07/2026;MTZ;LIQU;;;;000 ;1304;4 DESPESAS ADM;07/26
6;1;   815;01;748;  710;     88761;TRANSFERENCIA;     20,00;;28/07/2026;27/07/2026;CONCILIADO;wramos  
5;1;   816;01;5803;PUBLICIDADE E PROPAGANDA;PATROCINIO;00033485262803 ;ANDERSON DE ARAUJO DODO; ;TREMEMBE;SP; ;               ;           ;X                             ;;;;    85485; ;        150,00;        150,00;        150,00;          0,00;          0,00;        150,00;28/07/2026;wramos  ;27/07/2026;27/07/2026;27/07/2026;          ;27/07/2026;MTZ;LIQU;;;;000 ;0000;4 DESPESAS ADM;07/26
6;1;   816;01;748;  710;     88761;TRANSFERENCIA;    150,00;;28/07/2026;27/07/2026;CONCILIADO;wramos  
5;1;   817;01;5306;TELEFONIA E COMUNICACAO DE DADOS;CELULAR BRUNO;00031681541807 ;CARLA FERNANDA SANFINS; ;SAO PAULO;SP; ;               ;           ;COMERCIAL                     ;;5.03.01.01.0015;2.01.01.10.0020;    85458; ;        170,00;        170,00;        170,00;          0,00;          0,00;        170,00;28/07/2026;wramos  ;27/07/2026;27/07/2026;27/07/2026;          ;27/07/2026;MTZ;LIQU;;;;000 ;1304;4 DESPESAS ADM;07/26
6;1;   817;01;748;  710;     88761;TRANSFERENCIA;    170,00;;28/07/2026;27/07/2026;CONCILIADO;wramos  
5;1;   818;01;5403;PEDAGIOS;PEDAGIO;10647979000148 ;CONCESSIONARIA ROTA DAS BANDEI; ;ACOPIARA;CE; ;               ;           ;PEDAGIOS                      ;;5.02.02.01.0013;2.01.01.10.0020; 87777822; ;         36,90;         36,90;         36,90;          0,00;          0,00;         36,90;28/07/2026;wramos  ;28/07/2026;28/07/2026;28/07/2026;          ;28/07/2026;FRT;LIQU;;;;000 ;2949;5 DESPESAS OPERACIONAL;07/26
6;1;   818;01;748;  710;     88761;TRANSFERENCIA;     36,90;;28/07/2026;28/07/2026;CONCILIADO;wramos  
5;1;   819;01;5103;FRETE COLETA/ENTREGA DE VEICULOS TERCEIROS;PAGAMENTO DOUGLAS FRETE SOLFACIL;31628453000190 ;DOUGLAS GADENS - TRANSPORTES; ;MONTE MOR;SP;SICOOB 756 / 3191- / 34746-9;               ;           ;;;5.02.02.01.0020;2.01.01.30.0013;    87458; ;        600,00;        600,00;        600,00;          0,00;          0,00;        600,00;30/07/2026;wramos  ;28/07/2026;28/07/2026;28/07/2026;          ;28/07/2026;MTZ;LIQU;;;;000 ;1351;14 SERVICOS TERCEIROS;07/26
6;1;   819;01;748;  710;     88761;TRANSFERENCIA;    600,00;;30/07/2026;28/07/2026;CONCILIADO;wramos  
5;1;   821;01;5101;FRETE TRANSFERENCIA DE VEICULOS TERCEIROS;PAGAMENTO FRETE ES;00014286969622 ;FELIPE CRISTOVAO SOARES SANTIA;+5531985390206 ;IPATINGA;MG;BRADESCO S.A. 237 / 0467-7 / 228260-7;00014286969622 ;FELIPE CRIS;FRETE TRANSFERENCIA           ;;5.02.02.01.0015;2.01.01.30.0010;     2152; ;        270,00;        270,00;        270,00;          0,00;          0,00;        270,00;03/08/2026;wramos  ;28/07/2026;28/07/2026;28/07/2026;          ;28/07/2026;SJK;LIQU;;;;000 ;2351;14 SERVICOS TERCEIROS;08/26
6;1;   821;01;748;  710;     88761;TRANSFERENCIA;    270,00;;03/08/2026;28/07/2026;CONCILIADO;wramos  
5;1;   822;01;5403;PEDAGIOS;PEDAGIO;10647979000148 ;CONCESSIONARIA ROTA DAS BANDEI; ;ACOPIARA;CE; ;               ;           ;PEDAGIOS                      ;;5.02.02.01.0013;2.01.01.10.0020;  8758558; ;         82,00;         82,00;         82,00;          0,00;          0,00;         82,00;03/08/2026;wramos  ;29/07/2026;29/07/2026;29/07/2026;          ;29/07/2026;FRT;LIQU;;;;000 ;2949;5 DESPESAS OPERACIONAL;07/26
6;1;   822;01;748;  710;     88761;TRANSFERENCIA;     82,00;;03/08/2026;29/07/2026;CONCILIADO;wramos  
5;1;   823;01;5502;SEGURO DE CARGAS;SEGURO RC;61383493000180 ;SOMPO SEGUROS S.A.; ;SAO PAULO;SP; ;               ;           ;SEGUROS NAO-VIDA              ;;5.06.01.01.0010;2.01.01.10.0020;    89631; ;        375,83;        375,83;        375,83;          0,00;          0,00;        375,83;03/08/2026;wramos  ;30/07/2026;10/07/2026;30/07/2026;          ;10/07/2026;MTZ;LIQU;;;;000 ;1949;5 DESPESAS OPERACIONAL;07/26
6;1;   823;01;748;  710;     88761;TRANSFERENCIA;    375,83;;03/08/2026;30/07/2026;CONCILIADO;wramos  
5;1;   824;01;5305;ENERGIA ELETRICA;CONTA DE ENERGIA ELETRICA BRUNO;00035987892899 ;BRUNO DA SILVA OLIVEIRA; ;INDAIATUBA;SP; ;               ;           ;COMERCIAL                     ;;5.03.01.01.0010;2.01.01.10.0020;  8422552; ;        165,72;        165,72;        165,72;          0,00;          0,00;        165,72;03/08/2026;wramos  ;30/07/2026;10/07/2026;30/07/2026;          ;10/07/2026;MTZ;LIQU;;;;000 ;1254;4 DESPESAS ADM;07/26
6;1;   824;01;748;  710;     88761;TRANSFERENCIA;    165,72;;03/08/2026;30/07/2026;CONCILIADO;wramos  
5;1;   825;01;5244;MATERIAL DE ESCRITORIO;UNIFORME;00040837489822 ;THAIS ANDRADE; ;ITATIBA;SP; ;               ;           ;UNIFORMES                     ;;5.03.01.01.0023;2.01.01.10.0017;  8545885; ;        105,00;        105,00;        105,00;          0,00;          0,00;        105,00;03/08/2026;wramos  ;30/07/2026;01/07/2026;30/07/2026;          ;01/07/2026;MTZ;LIQU;;;;000 ;1556;4 DESPESAS ADM;07/26
6;1;   825;01;748;  710;     88761;TRANSFERENCIA;    105,00;;03/08/2026;30/07/2026;CONCILIADO;wramos  
5;1;   826;01;5403;PEDAGIOS;PEDAGIOS;10647979000148 ;CONCESSIONARIA ROTA DAS BANDEI; ;ACOPIARA;CE; ;               ;           ;PEDAGIOS                      ;;5.02.02.01.0013;2.01.01.10.0020;    85455; ;         41,00;         41,00;         41,00;          0,00;          0,00;         41,00;03/08/2026;wramos  ;30/07/2026;30/07/2026;30/07/2026;          ;30/07/2026;FRT;LIQU;;;;000 ;2949;5 DESPESAS OPERACIONAL;07/26
6;1;   826;01;748;  710;     88761;TRANSFERENCIA;     41,00;;03/08/2026;30/07/2026;CONCILIADO;wramos  
5;1;   827;01;5806;SISTEMA;SISTEMA NUVEM ;33967103000184 ;DEMERGE BRASIL FACILITADORA DE; ;SAO PAULO;SP; ;               ;           ;SERVICOS                      ;;;;     8542; ;        139,99;        139,99;        139,99;          0,00;          0,00;        139,99;03/08/2026;wramos  ;30/07/2026;30/07/2026;30/07/2026;          ;30/07/2026;MTZ;LIQU;;;;000 ;0000;4 DESPESAS ADM;07/26
6;1;   827;01;748;  710;     88761;TRANSFERENCIA;    139,99;;03/08/2026;30/07/2026;CONCILIADO;wramos  
5;1;   828;01;5403;PEDAGIOS;PEDAGIO;10647979000148 ;CONCESSIONARIA ROTA DAS BANDEI; ;ACOPIARA;CE; ;               ;           ;PEDAGIOS                      ;;5.02.02.01.0013;2.01.01.10.0020;  8792455; ;         41,00;         41,00;         41,00;          0,00;          0,00;         41,00;03/08/2026;wramos  ;31/07/2026;31/07/2026;31/07/2026;          ;31/07/2026;FRT;LIQU;;;;000 ;2949;5 DESPESAS OPERACIONAL;07/26
6;1;   828;01;748;  710;     88761;TRANSFERENCIA;     41,00;;03/08/2026;31/07/2026;CONCILIADO;wramos  
5;1;   829;01;5403;PEDAGIOS;PEDAGIO;10647979000148 ;CONCESSIONARIA ROTA DAS BANDEI; ;ACOPIARA;CE; ;               ;           ;PEDAGIOS                      ;;5.02.02.01.0013;2.01.01.10.0020;   899669; ;         12,78;         12,78;         12,78;          0,00;          0,00;         12,78;03/08/2026;wramos  ;31/07/2026;31/07/2026;31/07/2026;          ;31/07/2026;FRT;LIQU;;;;000 ;2949;5 DESPESAS OPERACIONAL;07/26
6;1;   829;01;748;  710;     88761;TRANSFERENCIA;     12,78;;03/08/2026;31/07/2026;CONCILIADO;wramos  
5;1;   830;01;5403;PEDAGIOS;PEDAGIO;10647979000148 ;CONCESSIONARIA ROTA DAS BANDEI; ;ACOPIARA;CE; ;               ;           ;PEDAGIOS                      ;;5.02.02.01.0013;2.01.01.10.0020;     8548; ;         51,32;         51,32;         51,32;          0,00;          0,00;         51,32;03/08/2026;wramos  ;03/08/2026;03/08/2026;03/08/2026;          ;03/08/2026;FRT;LIQU;;;;000 ;2949;5 DESPESAS OPERACIONAL;08/26
6;1;   830;01;748;  710;     88761;TRANSFERENCIA;     51,32;;03/08/2026;03/08/2026;CONCILIADO;wramos  
5;1;   831;01;5409;MANUTENCAO E CONSERVACAO DE VEICULOS;CONSERTO CHASSI CARRETA KDF;48718251000132 ;FPL SERVICOS LTDA; ;TAUBATE;SP; ;               ;           ;MANUTENCAO SIDER              ;;5.02.01.01.0017;2.01.01.10.0017;    84585; ;      2.500,00;      2.500,00;      2.500,00;          0,00;          0,00;      2.500,00;03/08/2026;wramos  ;15/07/2026;15/07/2026;15/07/2026;          ;15/07/2026;FRT;LIQU;;;;000 ;1949;5 DESPESAS OPERACIONAL;07/26
6;1;   831;01;756; 3214;    161485;TRANSFERENCIA;  2.500,00;;03/08/2026;03/08/2026;CONCILIADO;wramos  
5;1;   832;01;5317;TARIFA BANCARIA;TARIFA DE BOLETO;02038232000164 ;BANCO SICOOB; ;BARUERI;SP; ;               ;           ;BANCO                         ;;5.09.01.01.0020;2.01.01.10.0020;   858578; ;          1,80;          1,80;          1,80;          0,00;          0,00;          1,80;03/08/2026;wramos  ;15/07/2026;15/07/2026;15/07/2026;          ;15/07/2026;FRT;LIQU;;;;000 ;1949;99 OUTROS;07/26
6;1;   832;01;748;  710;     88761;TRANSFERENCIA;      1,80;;03/08/2026;15/07/2026;CONCILIADO;wramos  
